PLAYER_NAME,PLAYER1_ID,FIRST_NAME,LAST_NAME,TS,EFG
Aaron Brooks,201166,Aaron,Brooks,0.4933296275708727,0.4705882352941177
Aaron Gordon,203932,Aaron,Gordon,0.5411764705882353,0.5067567567567567
Aaron Harrison,1626151,Aaron,Harrison,0.38659793814432986,0.2777777777777778
Adreian Payne,203940,Adreian,Payne,0.4139072847682119,0.3928571428571429
Al Horford,201143,Al,Horford,0.5627962085308056,0.55078125
Al Jefferson,2744,Al,Jefferson,0.5103776794828173,0.485981308411215
Al-Farouq Aminu,202329,Al-Farouq,Aminu,0.5292652552926524,0.4943181818181817
Alan Anderson,101187,Alan,Anderson,0.4972155926809864,0.4555555555555556
Alan Williams,1626210,Alan,Williams,0.4807692307692307,0.4166666666666667
Alec Burks,202692,Alec,Burks,0.5203442879499217,0.4537037037037037
Alex Len,203458,Alex,Len,0.48056386159760783,0.425
Alexis Ajinca,201582,Alexis,Ajinca,0.5186721991701245,0.4716981132075472
Allen Crabbe,203459,Allen,Crabbe,0.5712067435669921,0.5357142857142857
Alonzo Gee,202087,Alonzo,Gee,0.5775154004106776,0.5428571428571429
Amar'e Stoudemire,2405,Amar'e,Stoudemire,0.5952380952380952,0.5581395348837209
Amir Johnson,101161,Amir,Johnson,0.6023102310231022,0.6018518518518519
Anderson Varejao,2760,Anderson,Varejao,0.48219584569732943,0.4347826086956522
Andre Drummond,203083,Andre,Drummond,0.49791000737644453,0.5190839694656488
Andre Iguodala,2738,Andre,Iguodala,0.5580357142857143,0.543859649122807
Andre Miller,1889,Andre,Miller,0.6061598951507209,0.5740740740740741
Andre Roberson,203460,Andre,Roberson,0.5644402634054563,0.5512820512820513
Andrea Bargnani,200745,Andrea,Bargnani,0.49788774894387444,0.4672131147540983
Andrew Bogut,101106,Andrew,Bogut,0.626740947075209,0.625
Andrew Nicholson,203094,Andrew,Nicholson,0.5723291307232913,0.5363636363636364
Andrew Wiggins,203952,Andrew,Wiggins,0.5424528301886793,0.47812499999999997
Anthony Bennett,203461,Anthony,Bennett,0.462962962962963,0.35714285714285715
Anthony Brown,1626148,Anthony,Brown,0.4340277777777778,0.38372093023255816
Anthony Davis,203076,Anthony,Davis,0.5604243542435424,0.510752688172043
Anthony Morrow,201627,Anthony,Morrow,0.5422153369481022,0.5306122448979592
Anthony Tolliver,201229,Anthony,Tolliver,0.5399348003259984,0.5434782608695653
Archie Goodwin,203462,Archie,Goodwin,0.5002248201438849,0.44594594594594594
Aron Baynes,203382,Aron,Baynes,0.564516129032258,0.5106382978723404
Arron Afflalo,201167,Arron,Afflalo,0.5292755540853457,0.5
Austin Rivers,203085,Austin,Rivers,0.5267518939393939,0.5
Avery Bradley,202340,Avery,Bradley,0.5388542257515597,0.5186567164179104
Axel Toupane,1626253,Axel,Toupane,0.49288061336254113,0.4545454545454546
Ben McLemore,203463,Ben,McLemore,0.529891304347826,0.5074626865671642
Beno Udrih,2757,Beno,Udrih,0.49788135593220345,0.47777777777777775
Bismack Biyombo,202687,Bismack,Biyombo,0.5811496196111581,0.5428571428571428
Blake Griffin,201933,Blake,Griffin,0.545361875637105,0.5058139534883721
Boban Marjanovic,1626246,Boban,Marjanovic,0.6668283220174587,0.5937499999999999
Bobby Portis,1626171,Bobby,Portis,0.46766435061464456,0.45
Bojan Bogdanovic,202711,Bojan,Bogdanovic,0.546448087431694,0.5157894736842105
Boris Diaw,2564,Boris,Diaw,0.5882352941176471,0.5700000000000001
Bradley Beal,203078,Bradley,Beal,0.546894644204174,0.5137931034482759
Brandan Wright,201148,Brandan,Wright,0.6660231660231661,0.6744186046511628
Brandon Bass,101138,Brandon,Bass,0.6241331484049931,0.5416666666666667
Brandon Jennings,201943,Brandon,Jennings,0.4925756710451171,0.45238095238095233
Brandon Knight,202688,Brandon,Knight,0.5229455709711847,0.4796511627906977
Brandon Rush,201575,Brandon,Rush,0.5561440677966102,0.5416666666666666
Brian Roberts,203148,Brian,Roberts,0.5561735261401557,0.5156249999999999
Briante Weber,1627362,Briante,Weber,0.3751705320600273,0.35714285714285715
Brook Lopez,201572,Brook,Lopez,0.5653128430296378,0.5126582278481012
Bruno Caboclo,203998,Bruno,Caboclo,0.125,0.15000000000000002
Bryce Dejean-Jones,1626214,Bryce,Dejean-Jones,0.5035971223021583,0.5
CJ McCollum,203468,CJ,McCollum,0.5435918879364416,0.5167597765363129
CJ Miles,101139,CJ,Miles,0.5495529061102832,0.5151515151515151
CJ Wilcox,203912,CJ,Wilcox,0.4807692307692307,0.4482758620689655
Cameron Bairstow,203946,Cameron,Bairstow,0.39983164983164976,0.3409090909090909
Cameron Payne,1626166,Cameron,Payne,0.49251379038613075,0.4693877551020407
Carl Landry,201171,Carl,Landry,0.6125,0.5797101449275363
Carmelo Anthony,2546,Carmelo,Anthony,0.5274874177313202,0.4752747252747253
Caron Butler,2406,Caron,Butler,0.4858193277310925,0.4571428571428572
Chandler Parsons,202718,Chandler,Parsons,0.5870757627699692,0.5654205607476636
Channing Frye,101112,Channing,Frye,0.5842911877394636,0.5700000000000001
Charlie Villanueva,101111,Charlie,Villanueva,0.46566837107377645,0.4528301886792453
Chase Budinger,201978,Chase,Budinger,0.5187246963562753,0.5
Chris Andersen,2365,Chris,Andersen,0.595965770171149,0.537037037037037
Chris Bosh,2547,Chris,Bosh,0.5703535594839944,0.5206896551724138
Chris Copeland,203142,Chris,Copeland,0.4704301075268817,0.4285714285714285
Chris Kaman,2549,Chris,Kaman,0.5021520803443328,0.5
Chris McCullough,1626191,Chris,McCullough,0.4757085020242915,0.4555555555555555
Chris Paul,101108,Chris,Paul,0.5723174454097205,0.5165562913907285
Christian Wood,1626174,Christian,Wood,0.4961411245865491,0.4516129032258065
Cleanthony Early,203921,Cleanthony,Early,0.3617363344051447,0.3333333333333333
Cliff Alexander,1626146,Cliff,Alexander,0.5,0.4615384615384615
Clint Capela,203991,Clint,Capela,0.5479023168440826,0.5769230769230769
Cody Zeller,203469,Cody,Zeller,0.5872030237580993,0.5333333333333333
Cole Aldrich,202332,Cole,Aldrich,0.6227355072463768,0.5789473684210527
Corey Brewer,201147,Corey,Brewer,0.4833512352309345,0.44029850746268656
Cory Jefferson,203928,Cory,Jefferson,0.44416243654822335,0.3928571428571429
Cory Joseph,202709,Cory,Joseph,0.5140299951620706,0.46575342465753433
Courtney Lee,201584,Courtney,Lee,0.547945205479452,0.5185185185185186
Cristiano Felicio,1626245,Cristiano,Felicio,0.610632183908046,0.5652173913043479
D'Angelo Russell,1626156,D'Angelo,Russell,0.5055147058823529,0.47500000000000003
Dahntay Jones,2563,Dahntay,Jones,0.4642857142857143,0.4642857142857143
Damian Lillard,203081,Damian,Lillard,0.5595683966470484,0.49492385786802034
Damien Inglis,203996,Damien,Inglis,0.43352601156069365,0.42105263157894735
Damjan Rudez,204014,Damjan,Rudez,0.5784708249496981,0.5526315789473685
Danilo Gallinari,201568,Danilo,Gallinari,0.5800809138505474,0.4696969696969697
Danny Green,201980,Danny,Green,0.4888647474198805,0.48591549295774655
Dante Cunningham,201967,Dante,Cunningham,0.5407801418439715,0.5096153846153846
Darrell Arthur,201589,Darrell,Arthur,0.5100652883569097,0.5
Darren Collison,201954,Darren,Collison,0.5900202292650033,0.5428571428571428
Darrun Hilliard,1626199,Darrun,Hilliard,0.5149330587023687,0.4852941176470588
David Lee,101135,David,Lee,0.5695093457943925,0.5245901639344263
David West,2561,David,West,0.5781758957654722,0.543859649122807
DeAndre Jordan,201599,DeAndre,Jordan,0.6274703557312253,0.6969696969696969
DeJuan Blair,201971,DeJuan,Blair,0.42407108239095315,0.4347826086956522
DeMar DeRozan,201942,DeMar,DeRozan,0.5491680687979061,0.46327683615819215
DeMarcus Cousins,202326,DeMarcus,Cousins,0.538258364014727,0.47560975609756095
DeMarre Carroll,201960,DeMarre,Carroll,0.4894980420078319,0.47115384615384615
Delon Wright,1626153,Delon,Wright,0.5319148936170213,0.46666666666666673
Dennis Schroder,203471,Dennis,Schroder,0.5086940436551979,0.4693877551020407
Deron Williams,101114,Deron,Williams,0.5297565374211001,0.4747899159663866
Derrick Favors,202324,Derrick,Favors,0.5501878690284487,0.5114503816793894
Derrick Rose,201565,Derrick,Rose,0.4798689138576778,0.4496855345911949
Derrick Williams,202682,Derrick,Williams,0.5465444287729198,0.49295774647887325
Devin Booker,1626164,Devin,Booker,0.5350496277915633,0.4780701754385965
Devin Harris,2734,Devin,Harris,0.5614657210401891,0.5172413793103449
Devyn Marble,203906,Devyn,Marble,0.36256906077348067,0.38
Dewayne Dedmon,203473,Dewayne,Dedmon,0.599128540305011,0.5483870967741935
Dion Waiters,203079,Dion,Waiters,0.4909819639278557,0.4560439560439561
Dirk Nowitzki,1717,Dirk,Nowitzki,0.5569758948137327,0.5033783783783783
Donald Sloan,202388,Donald,Sloan,0.542803970223325,0.49122807017543857
Donatas Motiejunas,202700,Donatas,Motiejunas,0.5068672334859385,0.4727272727272727
Doug McDermott,203926,Doug,McDermott,0.556872037914692,0.5375
Draymond Green,203110,Draymond,Green,0.5880376344086021,0.5544554455445544
Drew Gooden,2400,Drew,Gooden,0.3729281767955801,0.3529411764705883
Dwight Howard,2730,Dwight,Howard,0.5983577917540182,0.611764705882353
Dwight Powell,203939,Dwight,Powell,0.5551301684532924,0.48837209302325585
Dwyane Wade,2548,Dwyane,Wade,0.5157437567861021,0.459375
E'Twaun Moore,202734,E'Twaun,Moore,0.5463286713286714,0.5454545454545455
Ed Davis,202334,Ed,Davis,0.6132075471698112,0.5952380952380952
Elfrid Payton,203901,Elfrid,Payton,0.48007896625987073,0.4600000000000001
Elijah Millsap,202407,Elijah,Millsap,0.3756260434056761,0.325
Elliot Williams,202343,Elliot,Williams,0.34013605442176875,0.25
Elton Brand,1882,Elton,Brand,0.4638009049773755,0.42857142857142855
Emmanuel Mudiay,1626144,Emmanuel,Mudiay,0.436442989634479,0.4022556390977443
Enes Kanter,202683,Enes,Kanter,0.6247540338449428,0.5738636363636362
Eric Bledsoe,202339,Eric,Bledsoe,0.556768558951965,0.5
Eric Gordon,201569,Eric,Gordon,0.5616316878510198,0.516260162601626
Eric Moreland,203961,Eric,Moreland,0.49019607843137253,0.5
Ersan Ilyasova,101141,Ersan,Ilyasova,0.5293159609120521,0.5
Evan Fournier,203095,Evan,Fournier,0.586890243902439,0.5423728813559322
Evan Turner,202323,Evan,Turner,0.5112972341254383,0.4623655913978494
Festus Ezeli,203105,Festus,Ezeli,0.5576800509878904,0.54
Frank Kaminsky,1626163,Frank,Kaminsky,0.5142622051563357,0.47692307692307695
Garrett Temple,202066,Garrett,Temple,0.5211307824100514,0.48412698412698413
Gary Harris,203914,Gary,Harris,0.5646345941975762,0.5346534653465347
Gary Neal,202390,Gary,Neal,0.5621844882973842,0.5308641975308642
George Hill,201588,George,Hill,0.5560661764705882,0.525
Gerald Green,101123,Gerald,Green,0.49052028218694893,0.4588235294117647
Giannis Antetokounmpo,203507,Giannis,Antetokounmpo,0.5654443254817987,0.5196850393700788
Goran Dragic,201609,Goran,Dragic,0.5336058128973661,0.5122950819672132
Gordon Hayward,202330,Gordon,Hayward,0.5583900226757369,0.49333333333333335
Gorgui Dieng,203476,Gorgui,Dieng,0.5997624703087886,0.5422535211267605
Greg Monroe,202328,Greg,Monroe,0.5618390129259695,0.5210084033613446
Greivis Vasquez,202349,Greivis,Vasquez,0.43954349167180756,0.39999999999999997
Harrison Barnes,203084,Harrison,Barnes,0.558206106870229,0.53125
Hassan Whiteside,202355,Hassan,Whiteside,0.6294326241134751,0.6129032258064516
Henry Sims,203156,Henry,Sims,0.5059153175591532,0.43636363636363634
Hollis Thompson,203138,Hollis,Thompson,0.5253001715265866,0.5056818181818181
Ian Clark,203546,Ian,Clark,0.5421686746987951,0.5
Ian Mahinmi,101133,Ian,Mahinmi,0.6032693305656461,0.5873015873015873
Iman Shumpert,202697,Iman,Shumpert,0.4836557705136758,0.44642857142857145
Isaiah Canaan,203477,Isaiah,Canaan,0.5282366500192086,0.4840425531914893
Isaiah Thomas,202738,Isaiah,Thomas,0.5604928297313674,0.48520710059171596
Ish Smith,202397,Ish,Smith,0.46282691742580073,0.44047619047619047
J.R. Smith,2747,J.R.,Smith,0.544050544050544,0.5363636363636363
JJ Hickson,201581,JJ,Hickson,0.5197322057787174,0.5227272727272726
JJ Redick,200755,JJ,Redick,0.6323711980136562,0.594017094017094
JaKarr Sampson,203960,JaKarr,Sampson,0.5051505546751188,0.46511627906976744
JaMychal Green,203210,JaMychal,Green,0.5217146080090242,0.4761904761904762
JaVale McGee,201580,JaVale,McGee,0.5816605839416058,0.5897435897435898
Jabari Parker,203953,Jabari,Parker,0.5373475609756097,0.49576271186440674
Jae Crowder,203109,Jae,Crowder,0.5656469088591459,0.5180180180180181
Jahlil Okafor,1626143,Jahlil,Okafor,0.5358892699657031,0.5102040816326531
Jamal Crawford,2037,Jamal,Crawford,0.5300089578978799,0.4663865546218487
Jameer Nelson,2749,Jameer,Nelson,0.4640790742526518,0.43670886075949367
James Anderson,202341,James,Anderson,0.4649309245483528,0.4428571428571429
James Harden,201935,James,Harden,0.5994708119728791,0.515228426395939
James Johnson,201949,James,Johnson,0.5287648054145516,0.5238095238095238
James Jones,2592,James,Jones,0.5745341614906833,0.5499999999999999
James Young,203923,James,Young,0.40192926045016075,0.4166666666666667
Jared Cunningham,203099,Jared,Cunningham,0.45423956931359355,0.39583333333333337
Jared Dudley,201162,Jared,Dudley,0.6050857843137255,0.5833333333333334
Jared Sullinger,203096,Jared,Sullinger,0.4733455882352941,0.45
Jarell Eddie,204067,Jarell,Eddie,0.4559270516717325,0.44000000000000006
Jarell Martin,1626185,Jarell,Martin,0.5365210843373495,0.46511627906976744
Jarrett Jack,101127,Jarrett,Jack,0.5023547880690739,0.43750000000000006
Jason Smith,201160,Jason,Smith,0.5145797598627788,0.49242424242424243
Jason Terry,1891,Jason,Terry,0.5442804428044281,0.5288461538461539
Jason Thompson,201574,Jason,Thompson,0.5567528735632185,0.5000000000000001
Jeff Ayres,201965,Jeff,Ayres,0.5710659898477158,0.5
Jeff Green,201145,Jeff,Green,0.5072840790842872,0.46601941747572817
Jeff Teague,201952,Jeff,Teague,0.5521947101857062,0.496
Jeff Withey,203481,Jeff,Withey,0.5767167381974249,0.53125
Jerami Grant,203924,Jerami,Grant,0.5026948590381426,0.4551282051282051
Jeremy Evans,202379,Jeremy,Evans,0.6289308176100629,0.59375
Jeremy Lamb,203087,Jeremy,Lamb,0.5319148936170213,0.5064935064935064
Jeremy Lin,202391,Jeremy,Lin,0.5353221083455343,0.4623655913978494
Jerian Grant,1626170,Jerian,Grant,0.48242591316333566,0.4215686274509804
Jerryd Bayless,201573,Jerryd,Bayless,0.5684302579798863,0.5416666666666666
Jimmy Butler,202710,Jimmy,Butler,0.5641330166270783,0.487012987012987
Joakim Noah,201149,Joakim,Noah,0.40535444947209653,0.391304347826087
Jodie Meeks,201975,Jodie,Meeks,0.5019251925192519,0.4402985074626865
Joe Ingles,204060,Joe,Ingles,0.56941431670282,0.5555555555555556
Joe Johnson,2207,Joe,Johnson,0.5354634831460674,0.5141509433962265
Joe Young,1626202,Joe,Young,0.4353803849679193,0.39024390243902446
Joel Anthony,201202,Joel,Anthony,0.665680473372781,0.6
Joffrey Lauvergne,203530,Joffrey,Lauvergne,0.5701501154734411,0.53125
John Henson,203089,John,Henson,0.5810092961487384,0.5686274509803921
John Jenkins,203098,John,Jenkins,0.5171543895055498,0.5135135135135135
John Wall,202322,John,Wall,0.5107802874743326,0.46571428571428575
Jon Leuer,202720,Jon,Leuer,0.5548302872062663,0.5142857142857142
Jonas Jerebko,201973,Jonas,Jerebko,0.5314009661835748,0.48648648648648646
Jonas Valanciunas,202685,Jonas,Valanciunas,0.6104540251812286,0.5730337078651685
Jonathon Simmons,203613,Jonathon,Simmons,0.5827505827505827,0.5340909090909091
Jordan Clarkson,203903,Jordan,Clarkson,0.5151555437383675,0.48201438848920863
Jordan Farmar,200770,Jordan,Farmar,0.53166897827092,0.5
Jordan Hamilton,202706,Jordan,Hamilton,0.5028228652081863,0.48571428571428565
Jordan Hill,201941,Jordan,Hill,0.5334626576139672,0.5066666666666666
Jordan McRae,203895,Jordan,McRae,0.5525540275049116,0.5
Jordan Mickey,1626175,Jordan,Mickey,0.39062500000000006,0.35714285714285715
Jorge Gutierrez,203268,Jorge,Gutierrez,0.6944444444444444,0.5555555555555556
Jose Calderon,101181,Jose,Calderon,0.5750605326876513,0.5555555555555556
Josh McRoberts,201177,Josh,McRoberts,0.4568527918781726,0.41428571428571426
Josh Richardson,1626196,Josh,Richardson,0.5761173184357542,0.5576923076923077
Josh Smith,2746,Josh,Smith,0.4393673110720563,0.42063492063492064
Jrue Holiday,201950,Jrue,Holiday,0.5299015897047691,0.4826388888888889
Julius Randle,203944,Julius,Randle,0.4807692307692308,0.4320388349514563
Justin Anderson,1626147,Justin,Anderson,0.5219780219780219,0.46875
Justin Holiday,203200,Justin,Holiday,0.48828125000000006,0.4767441860465116
Justise Winslow,1626159,Justise,Winslow,0.4878048780487805,0.4576271186440678
Jusuf Nurkic,203994,Jusuf,Nurkic,0.45738509593931276,0.4210526315789474
KJ McDaniels,203909,KJ,McDaniels,0.5328596802841918,0.4736842105263158
Karl-Anthony Towns,1626157,Karl-Anthony,Towns,0.586688894588356,0.5531914893617021
Kawhi Leonard,202695,Kawhi,Leonard,0.6190142490072413,0.5695364238410596
Kelly Olynyk,203482,Kelly,Olynyk,0.5595344673231871,0.5308641975308642
Kemba Walker,202689,Kemba,Walker,0.5565615679590967,0.49390243902439024
Kendall Marshall,203088,Kendall,Marshall,0.4538763493621198,0.4230769230769231
Kendrick Perkins,2570,Kendrick,Perkins,0.5415944540727904,0.55
Kenneth Faried,202702,Kenneth,Faried,0.5812872023809523,0.5591397849462365
Kent Bazemore,203145,Kent,Bazemore,0.5482041587901701,0.520618556701031
Kentavious Caldwell-Pope,203484,Kentavious,Caldwell-Pope,0.5208333333333334,0.4801587301587302
Kevin Durant,201142,Kevin,Durant,0.6341068537506745,0.5729166666666667
Kevin Garnett,708,Kevin,Garnett,0.49019607843137253,0.4666666666666666
Kevin Love,201567,Kevin,Love,0.5515719801434087,0.5
Kevin Martin,2755,Kevin,Martin,0.5187416331994645,0.4276315789473684
Kevin Seraphin,202338,Kevin,Seraphin,0.4314159292035398,0.4186046511627907
Khris Middleton,203114,Khris,Middleton,0.5611741489886531,0.503448275862069
Kirk Hinrich,2550,Kirk,Hinrich,0.5115961800818554,0.4821428571428572
Klay Thompson,202691,Klay,Thompson,0.5962659184113965,0.569364161849711
Kobe Bryant,977,Kobe,Bryant,0.4682843763303534,0.4142011834319527
Kosta Koufos,201585,Kosta,Koufos,0.5420918367346939,0.5263157894736842
Kostas Papanikolaou,203123,Kostas,Papanikolaou,0.4779411764705882,0.44000000000000006
Kris Humphries,2743,Kris,Humphries,0.5155456852791879,0.46428571428571425
Kristaps Porzingis,204001,Kristaps,Porzingis,0.5199243746364165,0.46747967479674796
Kyle Anderson,203937,Kyle,Anderson,0.5252100840336135,0.5000000000000001
Kyle Korver,2594,Kyle,Korver,0.5744255744255743,0.5714285714285715
Kyle Lowry,200768,Kyle,Lowry,0.5755864465682016,0.5128205128205129
Kyle O'Quinn,203124,Kyle,O'Quinn,0.5221932114882506,0.488095238095238
Kyle Singler,202713,Kyle,Singler,0.4769921436588103,0.4545454545454546
Kyrie Irving,202681,Kyrie,Irving,0.5389353277606688,0.49397590361445787
LaMarcus Aldridge,200746,LaMarcus,Aldridge,0.5658953722334004,0.5106382978723405
Lamar Patterson,203934,Lamar,Patterson,0.46801872074882994,0.4130434782608696
Lance Stephenson,202362,Lance,Stephenson,0.5457653866386113,0.5072463768115941
Lance Thomas,202498,Lance,Thomas,0.5555555555555555,0.5
Langston Galloway,204038,Langston,Galloway,0.4861821903787103,0.4513888888888889
Lavoy Allen,202730,Lavoy,Allen,0.5298273155416012,0.5106382978723404
LeBron James,2544,LeBron,James,0.5894687791239516,0.5510752688172043
Leandro Barbosa,2571,Leandro,Barbosa,0.5521048999309869,0.5185185185185185
Lorenzo Brown,203485,Lorenzo,Brown,0.3765060240963855,0.33870967741935487
Lou Amundson,200811,Lou,Amundson,0.40983606557377045,0.38888888888888884
Lou Williams,101150,Lou,Williams,0.5852203182374541,0.48543689320388345
Lucas Nogueira,203512,Lucas,Nogueira,0.6395348837209303,0.6666666666666666
Luis Scola,2449,Luis,Scola,0.5188454198473281,0.5
Luke Babbitt,202337,Luke,Babbitt,0.531591737545565,0.5000000000000001
Luol Deng,2736,Luol,Deng,0.5469583778014941,0.5148514851485148
Manu Ginobili,1938,Manu,Ginobili,0.5758157389635317,0.5333333333333333
Marc Gasol,201188,Marc,Gasol,0.5297421496042891,0.4632352941176471
Marcelo Huertas,1626273,Marcelo,Huertas,0.4977876106194691,0.4534883720930233
Marcin Gortat,101162,Marcin,Gortat,0.5904478656403079,0.5686274509803921
Marco Belinelli,201158,Marco,Belinelli,0.5009823182711197,0.45698924731182794
Marcus Morris,202694,Marcus,Morris,0.5302346570397112,0.4915254237288135
Marcus Smart,203935,Marcus,Smart,0.4601537216828479,0.40229885057471265
Marcus Thornton,201977,Marcus,Thornton,0.5120354729729729,0.47752808988764045
Mario Chalmers,201596,Mario,Chalmers,0.5602697998259356,0.4657534246575342
Mario Hezonja,1626209,Mario,Hezonja,0.5438659058487875,0.5094339622641509
Markel Brown,203900,Markel,Brown,0.5034129692832765,0.44230769230769224
Markieff Morris,202693,Markieff,Morris,0.491320013101867,0.45982142857142855
Marreese Speights,201578,Marreese,Speights,0.5068532267275843,0.4523809523809524
Marvin Williams,101107,Marvin,Williams,0.5854683746997599,0.5597826086956522
Mason Plumlee,203486,Mason,Plumlee,0.5614511352418559,0.5238095238095238
Matt Barnes,2440,Matt,Barnes,0.5054589567327133,0.4725274725274725
Matt Bonner,2588,Matt,Bonner,0.6430041152263375,0.6578947368421053
Matthew Dellavedova,203521,Matthew,Dellavedova,0.5284667418263811,0.5
Maurice Harkless,203090,Maurice,Harkless,0.5409060175794457,0.5188679245283019
Meyers Leonard,203086,Meyers,Leonard,0.5636070853462158,0.5492957746478874
Michael Beasley,201563,Michael,Beasley,0.5614035087719298,0.5339805825242718
Michael Carter-Williams,203487,Michael,Carter-Williams,0.4948364888123924,0.4611650485436893
Michael Kidd-Gilchrist,203077,Michael,Kidd-Gilchrist,0.6045316070068545,0.5632183908045978
Mike Conley,201144,Mike,Conley,0.5385806814981695,0.48387096774193544
Mike Dunleavy,2399,Mike,Dunleavy,0.5431502715751358,0.5163934426229508
Mike Miller,2034,Mike,Miller,0.5,0.5384615384615384
Mike Muscala,203488,Mike,Muscala,0.5876068376068376,0.56
Mike Scott,203118,Mike,Scott,0.5792227204783258,0.5399999999999999
Miles Plumlee,203101,Miles,Plumlee,0.6014150943396226,0.6052631578947368
Mirza Teletovic,203141,Mirza,Teletovic,0.5711610486891384,0.5459183673469387
Mo Williams,2590,Mo,Williams,0.5229591836734693,0.49324324324324326
Monta Ellis,101145,Monta,Ellis,0.5036496350364964,0.47222222222222227
Montrezl Harrell,1626149,Montrezl,Harrell,0.6364922206506366,0.6521739130434783
Myles Turner,1626167,Myles,Turner,0.5320247933884297,0.5056818181818181
Nemanja Bjelica,202357,Nemanja,Bjelica,0.5935754189944134,0.5641025641025642
Nerlens Noel,203457,Nerlens,Noel,0.5390442890442889,0.5227272727272726
Nick Collison,2555,Nick,Collison,0.5087209302325582,0.4444444444444445
Nick Young,201156,Nick,Young,0.4856306546035125,0.43478260869565216
Nicolas Batum,201587,Nicolas,Batum,0.5442723553477499,0.504
Nik Stauskas,203917,Nik,Stauskas,0.5180399804973184,0.48666666666666664
Nikola Jokic,203999,Nikola,Jokic,0.5843852267414679,0.5333333333333333
Nikola Mirotic,202703,Nikola,Mirotic,0.5679630342703119,0.5217391304347826
Nikola Vucevic,202696,Nikola,Vucevic,0.5317905563347358,0.5093167701863354
Noah Vonleh,203943,Noah,Vonleh,0.46059365404298874,0.4305555555555556
Norman Powell,1626181,Norman,Powell,0.5401234567901234,0.5
Norris Cole,202708,Norris,Cole,0.4642606867554309,0.43981481481481477
Omer Asik,201600,Omer,Asik,0.5549389567147613,0.5172413793103449
Omri Casspi,201956,Omri,Casspi,0.589292848581702,0.5666666666666667
Orlando Johnson,203111,Orlando,Johnson,0.3436106983655275,0.29591836734693877
PJ Hairston,203798,PJ,Hairston,0.46686746987951805,0.4435483870967742
PJ Tucker,200782,PJ,Tucker,0.509683995922528,0.4647887323943662
Pablo Prigioni,203143,Pablo,Prigioni,0.4913522012578616,0.45999999999999996
Pat Connaughton,1626192,Pat,Connaughton,0.3808864265927978,0.32142857142857145
Patrick Beverley,201976,Patrick,Beverley,0.5544354838709677,0.5297619047619048
Patrick Patterson,202335,Patrick,Patterson,0.5410915934755333,0.5241935483870968
Patty Mills,201988,Patty,Mills,0.537430450177036,0.5197368421052632
Pau Gasol,2200,Pau,Gasol,0.5302056555269923,0.48188405797101447
Paul George,202331,Paul,George,0.5563583815028903,0.49162011173184367
Paul Millsap,200794,Paul,Millsap,0.5551948051948052,0.5037878787878789
Paul Pierce,1718,Paul,Pierce,0.4887820512820512,0.456896551724138
Phil Pressey,203515,Phil,Pressey,0.42481977342945415,0.411764705882353
Quincy Acy,203112,Quincy,Acy,0.6298449612403101,0.5972222222222222
RJ Hunter,1626154,RJ,Hunter,0.48421807747489237,0.4629629629629629
Rajon Rondo,200765,Rajon,Rondo,0.503213802435724,0.49082568807339455
Ramon Sessions,201196,Ramon,Sessions,0.5663615560640732,0.5
Randy Foye,200751,Randy,Foye,0.46122576610381494,0.42500000000000004
Rashad Vaughn,1626173,Rashad,Vaughn,0.39866255144032925,0.39473684210526316
Rasual Butler,2446,Rasual,Butler,0.5550986842105263,0.5434782608695653
Raul Neto,203526,Raul,Neto,0.5271622587562544,0.5
Ray McCallum,203492,Ray,McCallum,0.4369703389830508,0.41666666666666663
Raymond Felton,101109,Raymond,Felton,0.5016899028305872,0.4588235294117647
Reggie Bullock,203493,Reggie,Bullock,0.5943804034582132,0.5769230769230769
Reggie Jackson,202704,Reggie,Jackson,0.5343337880854935,0.48089171974522293
Richard Jefferson,2210,Richard,Jefferson,0.5816412859560068,0.5595238095238095
Richaun Holmes,1626158,Richaun,Holmes,0.5533596837944663,0.5227272727272727
Ricky Rubio,201937,Ricky,Rubio,0.5313552188552189,0.42857142857142855
Robert Covington,203496,Robert,Covington,0.5449591280653951,0.5047169811320754
Robert Sacre,203135,Robert,Sacre,0.4781420765027322,0.39999999999999997
Robin Lopez,201577,Robin,Lopez,0.5734966592427617,0.54320987654321
Rodney Hood,203918,Rodney,Hood,0.5410447761194029,0.5040650406504065
Rodney Stuckey,201155,Rodney,Stuckey,0.5063723258989531,0.44078947368421056
Rondae Hollis-Jefferson,1626178,Rondae,Hollis-Jefferson,0.5185979971387696,0.46875
Ronnie Price,101179,Ronnie,Price,0.5088325652841782,0.5
Roy Hibbert,201579,Roy,Hibbert,0.5006788866259335,0.4313725490196079
Rudy Gay,200752,Rudy,Gay,0.5380380380380381,0.5034722222222222
Rudy Gobert,203497,Rudy,Gobert,0.5815439672801636,0.5517241379310345
Russ Smith,203893,Russ,Smith,0.39556962025316456,0.3666666666666667
Russell Westbrook,201566,Russell,Westbrook,0.5524731991724656,0.48895027624309384
Ryan Anderson,201583,Ryan,Anderson,0.5434782608695652,0.49645390070921985
Ryan Hollins,200797,Ryan,Hollins,0.6578947368421052,0.6190476190476191
Ryan Kelly,203527,Ryan,Kelly,0.44117647058823534,0.37804878048780494
Salah Mejri,1626257,Salah,Mejri,0.6344307270233197,0.6086956521739131
Sasha Kaun,201619,Sasha,Kaun,0.5136986301369864,0.5714285714285715
Sasha Vujacic,2756,Sasha,Vujacic,0.5142737195633921,0.47777777777777775
Sean Kilpatrick,203930,Sean,Kilpatrick,0.57405875051717,0.5344827586206897
Serge Ibaka,201586,Serge,Ibaka,0.5337173839376482,0.5135135135135136
Sergey Karasev,203508,Sergey,Karasev,0.5434782608695653,0.5000000000000001
Seth Curry,203552,Seth,Curry,0.6041222459132907,0.5588235294117647
Shabazz Muhammad,203498,Shabazz,Muhammad,0.5457380457380456,0.5
Shabazz Napier,203894,Shabazz,Napier,0.45656465942744323,0.4054054054054054
Shane Larkin,203499,Shane,Larkin,0.5202394526795895,0.47656249999999994
Shaun Livingston,2733,Shaun,Livingston,0.5803242446573322,0.5306122448979592
Shayne Whittington,203963,Shayne,Whittington,0.4618937644341801,0.43749999999999994
Shelvin Mack,202714,Shelvin,Mack,0.5042213883677298,0.4875
Solomon Hill,203524,Solomon,Hill,0.5514705882352942,0.5142857142857143
Sonny Weems,201603,Sonny,Weems,0.45754026354319177,0.44230769230769224
Spencer Dinwiddie,203915,Spencer,Dinwiddie,0.418702023726448,0.3666666666666667
Spencer Hawes,201150,Spencer,Hawes,0.5098572399728076,0.47222222222222227
Stanley Johnson,1626169,Stanley,Johnson,0.4593920145190563,0.43292682926829273
Stephen Curry,201939,Stephen,Curry,0.6705578328283729,0.6311881188118812
Steve Blake,2581,Steve,Blake,0.5198487712665407,0.5000000000000001
Steve Novak,200779,Steve,Novak,0.6507592190889371,0.6388888888888888
Steven Adams,203500,Steven,Adams,0.625,0.6226415094339622
TJ Warren,203933,TJ,Warren,0.5491214057507987,0.5319148936170213
Taj Gibson,201959,Taj,Gibson,0.5598958333333334,0.5294117647058824
Tarik Black,204028,Tarik,Black,0.5266418835192069,0.5555555555555555
Tayshaun Prince,2419,Tayshaun,Prince,0.4695595854922279,0.45
Terrence Jones,203093,Terrence,Jones,0.523339749759384,0.4863013698630137
Terrence Ross,203082,Terrence,Ross,0.5529490616621984,0.5348837209302326
Terry Rozier,1626179,Terry,Rozier,0.3177966101694915,0.2962962962962963
Thabo Sefolosha,200757,Thabo,Sefolosha,0.5847953216374269,0.5714285714285714
Thaddeus Young,201152,Thaddeus,Young,0.5328910220214568,0.5189393939393939
Thomas Robinson,203080,Thomas,Robinson,0.45168067226890757,0.4390243902439025
Tiago Splitter,201168,Tiago,Splitter,0.5747126436781609,0.5348837209302325
Tim Duncan,1495,Tim,Duncan,0.5292959133431806,0.4861111111111111
Tim Frazier,204025,Tim,Frazier,0.49418604651162784,0.4555555555555555
Timofey Mozgov,202389,Timofey,Mozgov,0.5974962063732928,0.574468085106383
Tobias Harris,202699,Tobias,Harris,0.5607262740311261,0.5170940170940171
Toney Douglas,201962,Toney,Douglas,0.5434782608695652,0.5
Tony Allen,2754,Tony,Allen,0.5079825834542816,0.4794520547945206
Tony Parker,2225,Tony,Parker,0.5430814165753926,0.5151515151515151
Tony Snell,203503,Tony,Snell,0.48007246376811596,0.4622641509433963
Trevor Ariza,2772,Trevor,Ariza,0.5531358885017421,0.5235849056603774
Trevor Booker,202344,Trevor,Booker,0.5391081871345029,0.5102040816326531
Trey Burke,203504,Trey,Burke,0.5061115355233001,0.4848484848484848
Trey Lyles,1626168,Trey,Lyles,0.5134680134680134,0.49090909090909085
Tristan Thompson,202684,Tristan,Thompson,0.6074766355140186,0.5882352941176471
Troy Daniels,203584,Troy,Daniels,0.6381039197812215,0.6511627906976744
Ty Lawson,201951,Ty,Lawson,0.4772270596115204,0.4351851851851852
Tyler Ennis,203898,Tyler,Ennis,0.5104355716878404,0.475609756097561
Tyler Hansbrough,201946,Tyler,Hansbrough,0.5309734513274336,0.43749999999999994
Tyler Johnson,204020,Tyler,Johnson,0.5729715489989462,0.5441176470588235
Tyler Zeller,203092,Tyler,Zeller,0.5454220314735336,0.47916666666666663
Tyreke Evans,201936,Tyreke,Evans,0.5341579983131852,0.48015873015873023
Tyson Chandler,2199,Tyson,Chandler,0.6056527590847914,0.5833333333333334
Tyus Jones,1626145,Tyus,Jones,0.448334756618275,0.4047619047619047
Udonis Haslem,2617,Udonis,Haslem,0.45045045045045046,0.37499999999999994
Victor Oladipo,203506,Victor,Oladipo,0.5334755934915978,0.48888888888888893
Vince Carter,1713,Vince,Carter,0.5224825839138695,0.4736842105263158
Wayne Ellington,201961,Wayne,Ellington,0.4966460268317853,0.47972972972972966
Wesley Johnson,202325,Wesley,Johnson,0.5177070828331333,0.5078125
Wesley Matthews,202083,Wesley,Matthews,0.5325494205862303,0.4954128440366973
Will Barton,203115,Will,Barton,0.5352363960749331,0.4916666666666667
Willie Cauley-Stein,1626161,Willie,Cauley-Stein,0.589622641509434,0.5686274509803921
Willie Reed,203186,Willie,Reed,0.5851593625498008,0.5588235294117647
Xavier Munford,204098,Xavier,Munford,0.4797979797979798,0.47272727272727266
Zach LaVine,203897,Zach,LaVine,0.546875,0.5170940170940171
Zach Randolph,2216,Zach,Randolph,0.5201251019853141,0.47744360902255634
Zaza Pachulia,2585,Zaza,Pachulia,0.5524152106885919,0.46774193548387094
