Player_ID,Player,First_Name,Last_Name,TS%,EFG%,PER,3PAr,G,MP,Pos
201166,Aaron Brooks,Aaron,Brooks,0.4933296275708727,0.4705882352941177,11.8,0.39399999999999996,69,1108,PG
203932,Aaron Gordon,Aaron,Gordon,0.5411764705882353,0.5067567567567567,17.0,0.245,78,1863,PF
1626151,Aaron Harrison,Aaron,Harrison,0.38659793814432986,0.2777777777777778,4.3,0.526,21,93,SG
203940,Adreian Payne,Adreian,Payne,0.4139072847682119,0.3928571428571429,5.6,0.221,52,486,PF
201143,Al Horford,Al,Horford,0.5627962085308056,0.55078125,19.4,0.244,82,2631,C
2744,Al Jefferson,Al,Jefferson,0.5103776794828173,0.485981308411215,18.2,0.0,47,1096,C
202329,Al-Farouq Aminu,Al-Farouq,Aminu,0.5292652552926524,0.4943181818181817,12.7,0.485,82,2341,SF
101187,Alan Anderson,Alan,Anderson,0.4972155926809864,0.4555555555555556,9.2,0.627,13,192,SG
1626210,Alan Williams,Alan,Williams,0.4807692307692307,0.4166666666666667,21.1,0.0,10,68,PF
202692,Alec Burks,Alec,Burks,0.5203442879499217,0.4537037037037037,14.3,0.237,31,797,SG
203458,Alex Len,Alex,Len,0.4805638615976078,0.425,12.4,0.011000000000000001,78,1821,C
201582,Alexis Ajinca,Alexis,Ajinca,0.5186721991701245,0.4716981132075472,13.8,0.003,59,861,C
203459,Allen Crabbe,Allen,Crabbe,0.5712067435669921,0.5357142857142857,12.2,0.42,81,2105,SG
202087,Alonzo Gee,Alonzo,Gee,0.5775154004106776,0.5428571428571429,8.4,0.235,73,1632,SF
2405,Amar'e Stoudemire,Amar'e,Stoudemire,0.5952380952380952,0.5581395348837209,17.3,0.0,52,762,C
101161,Amir Johnson,Amir,Johnson,0.6023102310231022,0.6018518518518519,16.0,0.10099999999999999,79,1800,PF
2760,Anderson Varejao,Anderson,Varejao,0.4821958456973294,0.4347826086956522,11.1,0.008,53,496,C
2760,Anderson Varejao,Anderson,Varejao,0.4821958456973294,0.4347826086956522,11.2,0.013000000000000001,31,310,C
2760,Anderson Varejao,Anderson,Varejao,0.4821958456973294,0.4347826086956522,11.0,0.0,22,186,C
203083,Andre Drummond,Andre,Drummond,0.4979100073764445,0.5190839694656488,21.2,0.006,81,2666,C
2738,Andre Iguodala,Andre,Iguodala,0.5580357142857143,0.543859649122807,12.2,0.418,65,1732,SF
1889,Andre Miller,Andre,Miller,0.6061598951507209,0.5740740740740741,13.4,0.075,39,461,PG
1889,Andre Miller,Andre,Miller,0.6061598951507209,0.5740740740740741,13.7,0.069,26,280,PG
1889,Andre Miller,Andre,Miller,0.6061598951507209,0.5740740740740741,12.9,0.083,13,181,PG
203460,Andre Roberson,Andre,Roberson,0.5644402634054563,0.5512820512820513,10.2,0.376,70,1553,SG
200745,Andrea Bargnani,Andrea,Bargnani,0.4978877489438744,0.4672131147540983,11.8,0.057,46,634,C
101106,Andrew Bogut,Andrew,Bogut,0.626740947075209,0.625,15.9,0.004,70,1451,C
203094,Andrew Nicholson,Andrew,Nicholson,0.5723291307232913,0.5363636363636364,14.8,0.368,56,823,PF
203952,Andrew Wiggins,Andrew,Wiggins,0.5424528301886793,0.478125,16.5,0.147,81,2845,SF
203461,Anthony Bennett,Anthony,Bennett,0.46296296296296297,0.35714285714285715,10.4,0.519,19,84,PF
1626148,Anthony Brown,Anthony,Brown,0.4340277777777778,0.38372093023255816,4.9,0.556,29,599,SF
203076,Anthony Davis,Anthony,Davis,0.5604243542435424,0.510752688172043,25.0,0.095,61,2164,C
201627,Anthony Morrow,Anthony,Morrow,0.5422153369481022,0.5306122448979592,10.7,0.613,68,926,SG
201229,Anthony Tolliver,Anthony,Tolliver,0.5399348003259984,0.5434782608695653,10.2,0.8190000000000001,72,1341,PF
203462,Archie Goodwin,Archie,Goodwin,0.5002248201438849,0.4459459459459459,11.1,0.235,57,1114,PG
203382,Aron Baynes,Aron,Baynes,0.5645161290322579,0.5106382978723404,17.8,0.005,81,1233,C
201167,Arron Afflalo,Arron,Afflalo,0.5292755540853457,0.5,10.9,0.298,71,2371,SG
203085,Austin Rivers,Austin,Rivers,0.5267518939393939,0.5,11.1,0.359,67,1464,SG
202340,Avery Bradley,Avery,Bradley,0.5388542257515597,0.5186567164179104,13.2,0.39899999999999997,76,2536,SG
1626253,Axel Toupane,Axel,Toupane,0.4928806133625411,0.4545454545454546,7.1,0.5710000000000001,21,305,SF
203463,Ben McLemore,Ben,McLemore,0.529891304347826,0.5074626865671642,8.6,0.40700000000000003,68,1443,SG
2757,Beno Udrih,Beno,Udrih,0.4978813559322034,0.4777777777777778,9.5,0.222,44,707,PG
2757,Beno Udrih,Beno,Udrih,0.4978813559322034,0.4777777777777778,12.6,0.239,8,120,PG
2757,Beno Udrih,Beno,Udrih,0.4978813559322034,0.4777777777777778,8.9,0.217,36,587,PG
202687,Bismack Biyombo,Bismack,Biyombo,0.5811496196111581,0.5428571428571428,14.9,0.003,82,1808,C
201933,Blake Griffin,Blake,Griffin,0.5453618756371049,0.5058139534883721,22.1,0.03,35,1170,PF
1626246,Boban Marjanovic,Boban,Marjanovic,0.6668283220174587,0.5937499999999999,27.7,0.0,54,508,C
1626171,Bobby Portis,Bobby,Portis,0.4676643506146446,0.45,13.8,0.11900000000000001,62,1102,PF
202711,Bojan Bogdanovic,Bojan,Bogdanovic,0.5464480874316939,0.5157894736842105,10.7,0.451,79,2115,SF
2564,Boris Diaw,Boris,Diaw,0.5882352941176471,0.5700000000000001,14.0,0.18,76,1386,PF
203078,Bradley Beal,Bradley,Beal,0.546894644204174,0.5137931034482759,15.5,0.33899999999999997,55,1708,SG
201148,Brandan Wright,Brandan,Wright,0.6660231660231661,0.6744186046511628,18.3,0.0,12,212,PF
101138,Brandon Bass,Brandon,Bass,0.6241331484049931,0.5416666666666667,17.4,0.006,66,1342,PF
201943,Brandon Jennings,Brandon,Jennings,0.4925756710451171,0.4523809523809523,13.7,0.51,48,868,PG
201943,Brandon Jennings,Brandon,Jennings,0.4925756710451171,0.4523809523809523,13.1,0.5379999999999999,23,416,PG
201943,Brandon Jennings,Brandon,Jennings,0.4925756710451171,0.4523809523809523,14.3,0.484,25,452,PG
202688,Brandon Knight,Brandon,Knight,0.5229455709711847,0.4796511627906977,14.7,0.392,52,1870,SG
201575,Brandon Rush,Brandon,Rush,0.5561440677966102,0.5416666666666666,10.1,0.604,72,1055,SG
203148,Brian Roberts,Brian,Roberts,0.5561735261401557,0.5156249999999999,13.8,0.255,51,470,PG
203148,Brian Roberts,Brian,Roberts,0.5561735261401557,0.5156249999999999,13.9,0.235,30,333,PG
203148,Brian Roberts,Brian,Roberts,0.5561735261401557,0.5156249999999999,13.7,0.3,21,137,PG
1627362,Briante Weber,Briante,Weber,0.3751705320600273,0.35714285714285715,8.9,0.128,7,169,PG
1627362,Briante Weber,Briante,Weber,0.3751705320600273,0.35714285714285715,8.3,0.132,6,166,PG
1627362,Briante Weber,Briante,Weber,0.3751705320600273,0.35714285714285715,39.3,0.0,1,3,PG
201572,Brook Lopez,Brook,Lopez,0.5653128430296378,0.5126582278481012,21.7,0.012,73,2457,C
203998,Bruno Caboclo,Bruno,Caboclo,0.125,0.15000000000000002,-7.7,0.583,6,43,SF
1626214,Bryce Dejean-Jones,Bryce,Dejean-Jones,0.5035971223021583,0.5,9.6,0.46399999999999997,14,279,SG
203946,Cameron Bairstow,Cameron,Bairstow,0.39983164983164976,0.3409090909090909,6.8,0.125,18,103,C
1626166,Cameron Payne,Cameron,Payne,0.4925137903861308,0.4693877551020407,12.9,0.39899999999999997,57,698,PG
201171,Carl Landry,Carl,Landry,0.6125,0.5797101449275363,22.4,0.052000000000000005,36,569,PF
2546,Carmelo Anthony,Carmelo,Anthony,0.5274874177313202,0.4752747252747253,20.3,0.237,72,2530,SF
2406,Caron Butler,Caron,Butler,0.4858193277310925,0.4571428571428572,11.3,0.305,17,176,SF
202718,Chandler Parsons,Chandler,Parsons,0.5870757627699692,0.5654205607476636,16.2,0.386,61,1799,SF
101112,Channing Frye,Channing,Frye,0.5842911877394636,0.5700000000000001,12.9,0.677,70,1200,PF-C
101112,Channing Frye,Channing,Frye,0.5842911877394636,0.5700000000000001,11.8,0.6509999999999999,44,754,PF
101112,Channing Frye,Channing,Frye,0.5842911877394636,0.5700000000000001,14.9,0.708,26,446,C
101111,Charlie Villanueva,Charlie,Villanueva,0.4656683710737765,0.4528301886792453,11.9,0.526,62,665,PF
201978,Chase Budinger,Chase,Budinger,0.5187246963562753,0.5,10.7,0.36,66,929,SF
201978,Chase Budinger,Chase,Budinger,0.5187246963562753,0.5,11.1,0.35600000000000004,49,729,SF
201978,Chase Budinger,Chase,Budinger,0.5187246963562753,0.5,9.2,0.37799999999999995,17,200,SF
2365,Chris Andersen,Chris,Andersen,0.5959657701711489,0.537037037037037,15.3,0.19399999999999998,27,402,C
2365,Chris Andersen,Chris,Andersen,0.5959657701711489,0.537037037037037,17.6,0.5,7,36,C
2365,Chris Andersen,Chris,Andersen,0.5959657701711489,0.537037037037037,15.1,0.145,20,366,C
2547,Chris Bosh,Chris,Bosh,0.5703535594839944,0.5206896551724138,20.2,0.289,53,1778,PF
203142,Chris Copeland,Chris,Copeland,0.4704301075268817,0.4285714285714285,5.4,0.706,24,156,PF
2549,Chris Kaman,Chris,Kaman,0.5021520803443328,0.5,11.1,0.09300000000000001,16,112,C
1626191,Chris McCullough,Chris,McCullough,0.4757085020242915,0.4555555555555555,12.2,0.312,24,362,PF
101108,Chris Paul,Chris,Paul,0.5723174454097205,0.5165562913907285,26.2,0.295,74,2420,PG
1626174,Christian Wood,Christian,Wood,0.4961411245865491,0.4516129032258065,16.4,0.20800000000000002,17,145,PF
203921,Cleanthony Early,Cleanthony,Early,0.3617363344051447,0.3333333333333333,2.2,0.375,17,154,SF
1626146,Cliff Alexander,Cliff,Alexander,0.5,0.4615384615384615,11.6,0.0,8,36,PF
203991,Clint Capela,Clint,Capela,0.5479023168440826,0.5769230769230769,18.3,0.003,77,1471,C
203469,Cody Zeller,Cody,Zeller,0.5872030237580993,0.5333333333333333,16.1,0.023,73,1774,C
202332,Cole Aldrich,Cole,Aldrich,0.6227355072463768,0.5789473684210527,21.3,0.0,60,800,C
201147,Corey Brewer,Corey,Brewer,0.4833512352309345,0.44029850746268656,9.9,0.406,82,1669,SF
203928,Cory Jefferson,Cory,Jefferson,0.44416243654822335,0.3928571428571429,12.7,0.045,8,50,PF
202709,Cory Joseph,Cory,Joseph,0.5140299951620706,0.4657534246575343,12.4,0.188,80,2046,SG
201584,Courtney Lee,Courtney,Lee,0.547945205479452,0.5185185185185186,11.5,0.34,79,2334,SG
201584,Courtney Lee,Courtney,Lee,0.547945205479452,0.5185185185185186,11.7,0.32899999999999996,51,1489,SG
201584,Courtney Lee,Courtney,Lee,0.547945205479452,0.5185185185185186,11.2,0.359,28,845,SG
1626245,Cristiano Felicio,Cristiano,Felicio,0.6106321839080461,0.5652173913043479,17.6,0.055999999999999994,31,321,C
1626156,D'Angelo Russell,D'Angelo,Russell,0.5055147058823529,0.475,13.2,0.387,80,2259,PG
2563,Dahntay Jones,Dahntay,Jones,0.4642857142857143,0.4642857142857143,10.3,0.14300000000000002,1,42,SF
203081,Damian Lillard,Damian,Lillard,0.5595683966470484,0.4949238578680203,22.2,0.414,75,2676,PG
203996,Damien Inglis,Damien,Inglis,0.4335260115606937,0.42105263157894735,6.7,0.35100000000000003,20,156,SF
204014,Damjan Rudez,Damjan,Rudez,0.5784708249496981,0.5526315789473685,5.5,0.8059999999999999,33,277,SF
201568,Danilo Gallinari,Danilo,Gallinari,0.5800809138505474,0.4696969696969697,19.0,0.341,53,1839,SF
201980,Danny Green,Danny,Green,0.4888647474198805,0.4859154929577466,10.5,0.622,79,2062,SG
201967,Dante Cunningham,Dante,Cunningham,0.5407801418439715,0.5096153846153846,8.6,0.42200000000000004,80,1971,SF
201589,Darrell Arthur,Darrell,Arthur,0.5100652883569097,0.5,12.5,0.239,70,1516,PF
201954,Darren Collison,Darren,Collison,0.5900202292650033,0.5428571428571428,15.9,0.28,74,2219,PG
1626199,Darrun Hilliard,Darrun,Hilliard,0.5149330587023687,0.4852941176470588,10.7,0.382,38,383,SG
101135,David Lee,David,Lee,0.5695093457943925,0.5245901639344263,19.6,0.003,55,903,PF
101135,David Lee,David,Lee,0.5695093457943925,0.5245901639344263,15.5,0.005,30,470,PF
101135,David Lee,David,Lee,0.5695093457943925,0.5245901639344263,24.0,0.0,25,433,PF
2561,David West,David,West,0.5781758957654722,0.543859649122807,17.6,0.016,78,1404,PF
201599,DeAndre Jordan,DeAndre,Jordan,0.6274703557312253,0.6969696969696969,20.6,0.002,77,2598,C
201971,DeJuan Blair,DeJuan,Blair,0.4240710823909532,0.4347826086956522,5.4,0.015,29,218,C
201942,DeMar DeRozan,DeMar,DeRozan,0.5491680687979061,0.4632768361581922,21.5,0.10099999999999999,78,2804,SG
202326,DeMarcus Cousins,DeMarcus,Cousins,0.538258364014727,0.475609756097561,23.6,0.158,65,2246,C
201960,DeMarre Carroll,DeMarre,Carroll,0.4894980420078319,0.4711538461538462,11.9,0.43700000000000006,26,786,SF
1626153,Delon Wright,Delon,Wright,0.5319148936170213,0.4666666666666667,17.8,0.163,27,229,PG
203471,Dennis Schroder,Dennis,Schroder,0.5086940436551979,0.4693877551020407,15.5,0.306,80,1621,PG
101114,Deron Williams,Deron,Williams,0.5297565374211001,0.4747899159663866,14.6,0.364,65,2106,PG
202324,Derrick Favors,Derrick,Favors,0.5501878690284487,0.5114503816793894,21.6,0.005,62,1983,PF
201565,Derrick Rose,Derrick,Rose,0.4798689138576778,0.4496855345911949,13.4,0.14300000000000002,66,2097,PG
202682,Derrick Williams,Derrick,Williams,0.5465444287729198,0.4929577464788733,17.2,0.265,80,1435,SF
1626164,Devin Booker,Devin,Booker,0.5350496277915633,0.4780701754385965,11.9,0.33299999999999996,76,2108,SG
2734,Devin Harris,Devin,Harris,0.5614657210401891,0.5172413793103449,13.1,0.42200000000000004,64,1280,PG
203906,Devyn Marble,Devyn,Marble,0.3625690607734807,0.38,5.2,0.451,28,249,SG
203473,Dewayne Dedmon,Dewayne,Dedmon,0.599128540305011,0.5483870967741935,17.0,0.0,58,705,C
203079,Dion Waiters,Dion,Waiters,0.4909819639278557,0.4560439560439561,9.4,0.34,78,2152,SG
1717,Dirk Nowitzki,Dirk,Nowitzki,0.5569758948137327,0.5033783783783783,19.0,0.308,75,2364,PF
202388,Donald Sloan,Donald,Sloan,0.542803970223325,0.4912280701754386,13.9,0.28300000000000003,61,1318,PG
202700,Donatas Motiejunas,Donatas,Motiejunas,0.5068672334859385,0.4727272727272727,11.3,0.278,37,547,PF
203926,Doug McDermott,Doug,McDermott,0.556872037914692,0.5375,10.9,0.402,81,1861,SF
203110,Draymond Green,Draymond,Green,0.5880376344086021,0.5544554455445544,19.3,0.315,81,2808,PF
2400,Drew Gooden,Drew,Gooden,0.3729281767955801,0.3529411764705883,7.5,0.39799999999999996,30,305,PF
2730,Dwight Howard,Dwight,Howard,0.5983577917540182,0.611764705882353,18.9,0.01,71,2280,C
203939,Dwight Powell,Dwight,Powell,0.5551301684532924,0.4883720930232559,16.8,0.054000000000000006,69,992,PF
2548,Dwyane Wade,Dwyane,Wade,0.5157437567861021,0.459375,20.3,0.037000000000000005,74,2258,SG
202734,E'Twaun Moore,E'Twaun,Moore,0.5463286713286714,0.5454545454545455,11.4,0.267,59,1263,SG
202334,Ed Davis,Ed,Davis,0.6132075471698112,0.5952380952380952,18.7,0.0,81,1684,PF
203901,Elfrid Payton,Elfrid,Payton,0.4800789662598707,0.4600000000000001,13.9,0.126,73,2145,PG
202407,Elijah Millsap,Elijah,Millsap,0.3756260434056761,0.325,6.5,0.308,20,173,SG
202343,Elliot Williams,Elliot,Williams,0.34013605442176875,0.25,3.3,0.4,5,45,PG
1882,Elton Brand,Elton,Brand,0.4638009049773755,0.42857142857142855,11.4,0.013999999999999999,17,225,C
1626144,Emmanuel Mudiay,Emmanuel,Mudiay,0.436442989634479,0.4022556390977443,9.9,0.256,68,2068,PG
202683,Enes Kanter,Enes,Kanter,0.6247540338449428,0.5738636363636362,24.0,0.028999999999999998,82,1721,C
202339,Eric Bledsoe,Eric,Bledsoe,0.556768558951965,0.5,20.0,0.262,31,1059,PG
201569,Eric Gordon,Eric,Gordon,0.5616316878510198,0.5162601626016261,13.5,0.5329999999999999,45,1481,SG
203961,Eric Moreland,Eric,Moreland,0.4901960784313725,0.5,7.4,0.0,8,48,PF
101141,Ersan Ilyasova,Ersan,Ilyasova,0.5293159609120521,0.5,14.2,0.392,74,1881,PF
101141,Ersan Ilyasova,Ersan,Ilyasova,0.5293159609120521,0.5,14.1,0.423,52,1434,PF
101141,Ersan Ilyasova,Ersan,Ilyasova,0.5293159609120521,0.5,14.7,0.28800000000000003,22,447,PF
203095,Evan Fournier,Evan,Fournier,0.5868902439024389,0.5423728813559322,14.6,0.42,79,2566,SF
202323,Evan Turner,Evan,Turner,0.5112972341254383,0.4623655913978494,13.6,0.11,81,2271,SG
203105,Festus Ezeli,Festus,Ezeli,0.5576800509878904,0.54,17.7,0.0,46,770,C
1626163,Frank Kaminsky,Frank,Kaminsky,0.5142622051563357,0.476923076923077,12.5,0.385,81,1708,C
202066,Garrett Temple,Garrett,Temple,0.5211307824100514,0.4841269841269841,9.3,0.511,80,1951,SF
203914,Gary Harris,Gary,Harris,0.5646345941975762,0.5346534653465347,12.7,0.38799999999999996,76,2439,SG
202390,Gary Neal,Gary,Neal,0.5621844882973842,0.5308641975308642,13.5,0.308,40,807,SG
201588,George Hill,George,Hill,0.5560661764705882,0.525,13.2,0.425,74,2524,PG
101123,Gerald Green,Gerald,Green,0.4905202821869489,0.4588235294117647,10.1,0.44299999999999995,69,1557,SG
203507,Giannis Antetokounmpo,Giannis,Antetokounmpo,0.5654443254817987,0.5196850393700788,18.8,0.10800000000000001,80,2823,PG
201609,Goran Dragic,Goran,Dragic,0.5336058128973661,0.5122950819672132,15.5,0.23399999999999999,72,2363,PG
202330,Gordon Hayward,Gordon,Hayward,0.5583900226757369,0.4933333333333334,18.3,0.341,80,2893,SF
203476,Gorgui Dieng,Gorgui,Dieng,0.5997624703087886,0.5422535211267605,17.1,0.035,82,2220,C
202328,Greg Monroe,Greg,Monroe,0.5618390129259695,0.5210084033613446,21.8,0.001,79,2314,C
202349,Greivis Vasquez,Greivis,Vasquez,0.4395434916718076,0.4,7.4,0.529,23,460,PG
203084,Harrison Barnes,Harrison,Barnes,0.558206106870229,0.53125,12.3,0.33799999999999997,66,2042,SF
202355,Hassan Whiteside,Hassan,Whiteside,0.6294326241134751,0.6129032258064516,25.7,0.0,73,2125,C
203156,Henry Sims,Henry,Sims,0.5059153175591532,0.4363636363636363,13.9,0.0,14,263,C
203138,Hollis Thompson,Hollis,Thompson,0.5253001715265866,0.5056818181818181,9.2,0.5760000000000001,77,2154,SG
203546,Ian Clark,Ian,Clark,0.5421686746987951,0.5,11.5,0.41600000000000004,66,578,SG
101133,Ian Mahinmi,Ian,Mahinmi,0.6032693305656461,0.5873015873015873,16.6,0.0,71,1816,C
202697,Iman Shumpert,Iman,Shumpert,0.4836557705136758,0.44642857142857145,8.4,0.479,54,1316,SG
203477,Isaiah Canaan,Isaiah,Canaan,0.5282366500192086,0.4840425531914893,11.1,0.672,77,1966,SG
202738,Isaiah Thomas,Isaiah,Thomas,0.5604928297313674,0.485207100591716,21.5,0.336,82,2644,PG
202397,Ish Smith,Ish,Smith,0.4628269174258007,0.4404761904761905,14.9,0.17600000000000002,77,2239,PG
202397,Ish Smith,Ish,Smith,0.4628269174258007,0.4404761904761905,16.3,0.145,27,617,PG
202397,Ish Smith,Ish,Smith,0.4628269174258007,0.4404761904761905,14.4,0.185,50,1622,PG
2747,J.R. Smith,J.R.,Smith,0.544050544050544,0.5363636363636363,12.4,0.6,77,2362,SG
203960,JaKarr Sampson,JaKarr,Sampson,0.5051505546751188,0.4651162790697674,8.3,0.19899999999999998,73,1160,SF
203960,JaKarr Sampson,JaKarr,Sampson,0.5051505546751188,0.4651162790697674,7.7,0.168,47,691,SF
203960,JaKarr Sampson,JaKarr,Sampson,0.5051505546751188,0.4651162790697674,9.3,0.252,26,469,SF
203210,JaMychal Green,JaMychal,Green,0.5217146080090242,0.4761904761904762,14.6,0.091,78,1446,PF
201580,JaVale McGee,JaVale,McGee,0.5816605839416058,0.5897435897435898,19.9,0.006999999999999999,34,370,C
203953,Jabari Parker,Jabari,Parker,0.5373475609756097,0.4957627118644067,14.8,0.039,76,2408,PF
203109,Jae Crowder,Jae,Crowder,0.5656469088591459,0.5180180180180181,15.8,0.446,73,2308,SF
1626143,Jahlil Okafor,Jahlil,Okafor,0.5358892699657031,0.5102040816326531,17.1,0.008,53,1591,C
2037,Jamal Crawford,Jamal,Crawford,0.5300089578978799,0.4663865546218487,14.0,0.366,79,2126,SG
2749,Jameer Nelson,Jameer,Nelson,0.4640790742526518,0.4367088607594937,9.5,0.469,39,1036,PG
202341,James Anderson,James,Anderson,0.4649309245483528,0.4428571428571429,6.0,0.483,51,721,SG
201935,James Harden,James,Harden,0.5994708119728791,0.515228426395939,25.3,0.406,82,3125,SG
201949,James Johnson,James,Johnson,0.5287648054145516,0.5238095238095238,11.4,0.275,57,926,PF
2592,James Jones,James,Jones,0.5745341614906833,0.5499999999999999,11.6,0.732,48,463,SF
203923,James Young,James,Young,0.4019292604501608,0.4166666666666667,3.6,0.722,29,199,SG
203099,Jared Cunningham,Jared,Cunningham,0.4542395693135936,0.39583333333333337,5.9,0.371,44,410,SG
203099,Jared Cunningham,Jared,Cunningham,0.4542395693135936,0.39583333333333337,5.9,0.35200000000000004,40,355,SG
203099,Jared Cunningham,Jared,Cunningham,0.4542395693135936,0.39583333333333337,5.8,0.5,4,55,SG
201162,Jared Dudley,Jared,Dudley,0.6050857843137255,0.5833333333333334,11.7,0.489,81,2098,PF
203096,Jared Sullinger,Jared,Sullinger,0.4733455882352941,0.45,16.7,0.128,81,1915,PF
204067,Jarell Eddie,Jarell,Eddie,0.4559270516717325,0.4400000000000001,11.0,0.723,26,147,SF
1626185,Jarell Martin,Jarell,Martin,0.5365210843373495,0.4651162790697674,14.0,0.017,27,380,PF
101127,Jarrett Jack,Jarrett,Jack,0.5023547880690739,0.4375000000000001,14.5,0.285,32,1027,PG
201160,Jason Smith,Jason,Smith,0.5145797598627788,0.4924242424242424,14.6,0.032,76,1181,C
1891,Jason Terry,Jason,Terry,0.5442804428044281,0.5288461538461539,10.2,0.6940000000000001,72,1258,SG
201574,Jason Thompson,Jason,Thompson,0.5567528735632185,0.5000000000000001,14.2,0.139,47,471,C
201574,Jason Thompson,Jason,Thompson,0.5567528735632185,0.5000000000000001,13.3,0.0,28,179,C
201574,Jason Thompson,Jason,Thompson,0.5567528735632185,0.5000000000000001,14.7,0.22699999999999998,19,292,C
201965,Jeff Ayres,Jeff,Ayres,0.5710659898477158,0.5,8.3,0.043,17,107,C
201145,Jeff Green,Jeff,Green,0.5072840790842872,0.4660194174757282,13.0,0.258,80,2253,SF
201145,Jeff Green,Jeff,Green,0.5072840790842872,0.4660194174757282,13.4,0.244,53,1544,SF
201145,Jeff Green,Jeff,Green,0.5072840790842872,0.4660194174757282,12.0,0.28800000000000003,27,709,SF
201952,Jeff Teague,Jeff,Teague,0.5521947101857062,0.496,17.9,0.278,79,2255,PG
203481,Jeff Withey,Jeff,Withey,0.5767167381974249,0.53125,17.7,0.012,51,658,C
203924,Jerami Grant,Jerami,Grant,0.5026948590381426,0.4551282051282051,12.6,0.244,77,2066,PF
202379,Jeremy Evans,Jeremy,Evans,0.6289308176100629,0.59375,12.6,0.33299999999999996,30,251,SF
203087,Jeremy Lamb,Jeremy,Lamb,0.5319148936170213,0.5064935064935064,15.9,0.355,66,1227,SG
202391,Jeremy Lin,Jeremy,Lin,0.5353221083455343,0.4623655913978494,13.8,0.31,78,2048,SG
1626170,Jerian Grant,Jerian,Grant,0.4824259131633357,0.4215686274509804,11.2,0.256,76,1265,PG
201573,Jerryd Bayless,Jerryd,Bayless,0.5684302579798863,0.5416666666666666,12.4,0.529,52,1505,SG
202710,Jimmy Butler,Jimmy,Butler,0.5641330166270783,0.48701298701298706,21.3,0.198,67,2474,SG
201149,Joakim Noah,Joakim,Noah,0.4053544494720965,0.39130434782608703,14.1,0.008,29,635,C
201975,Jodie Meeks,Jodie,Meeks,0.5019251925192519,0.4402985074626865,13.5,0.45,3,43,SG
204060,Joe Ingles,Joe,Ingles,0.56941431670282,0.5555555555555556,10.3,0.722,81,1241,SF
2207,Joe Johnson,Joe,Johnson,0.5354634831460674,0.5141509433962265,12.0,0.364,81,2703,SF
2207,Joe Johnson,Joe,Johnson,0.5354634831460674,0.5141509433962265,10.7,0.377,57,1934,SF
2207,Joe Johnson,Joe,Johnson,0.5354634831460674,0.5141509433962265,15.2,0.335,24,769,SF
1626202,Joe Young,Joe,Young,0.4353803849679193,0.3902439024390245,9.9,0.272,41,384,PG
201202,Joel Anthony,Joel,Anthony,0.665680473372781,0.6,14.1,0.0,19,96,C
203530,Joffrey Lauvergne,Joffrey,Lauvergne,0.5701501154734411,0.53125,15.7,0.139,59,1041,C
203089,John Henson,John,Henson,0.5810092961487384,0.5686274509803921,18.6,0.003,57,960,C
203098,John Jenkins,John,Jenkins,0.5171543895055498,0.5135135135135135,10.0,0.319,43,480,SG
203098,John Jenkins,John,Jenkins,0.5171543895055498,0.5135135135135135,7.2,0.271,21,193,SG
203098,John Jenkins,John,Jenkins,0.5171543895055498,0.5135135135135135,11.9,0.35600000000000004,22,287,SG
202322,John Wall,John,Wall,0.5107802874743326,0.4657142857142858,19.8,0.243,77,2784,PG
202720,Jon Leuer,Jon,Leuer,0.5548302872062663,0.5142857142857142,16.2,0.23600000000000002,67,1255,PF
201973,Jonas Jerebko,Jonas,Jerebko,0.5314009661835748,0.4864864864864865,10.3,0.37799999999999995,78,1176,PF
202685,Jonas Valanciunas,Jonas,Valanciunas,0.6104540251812286,0.5730337078651685,22.6,0.0,60,1557,C
203613,Jonathon Simmons,Jonathon,Simmons,0.5827505827505827,0.5340909090909091,11.9,0.19399999999999998,55,813,SG
203903,Jordan Clarkson,Jordan,Clarkson,0.5151555437383675,0.4820143884892086,14.3,0.29100000000000004,79,2552,SG
200770,Jordan Farmar,Jordan,Farmar,0.53166897827092,0.5,13.2,0.45,12,291,PG
202706,Jordan Hamilton,Jordan,Hamilton,0.5028228652081863,0.4857142857142857,12.4,0.38799999999999996,11,304,SF
201941,Jordan Hill,Jordan,Hill,0.5334626576139672,0.5066666666666666,16.4,0.002,73,1513,C
203895,Jordan McRae,Jordan,McRae,0.5525540275049116,0.5,14.2,0.282,22,195,PG
203895,Jordan McRae,Jordan,McRae,0.5525540275049116,0.5,14.2,0.423,7,82,PG
203895,Jordan McRae,Jordan,McRae,0.5525540275049116,0.5,14.2,0.212,15,113,PG
1626175,Jordan Mickey,Jordan,Mickey,0.3906250000000001,0.35714285714285715,15.3,0.0,16,57,PF
203268,Jorge Gutierrez,Jorge,Gutierrez,0.6944444444444444,0.5555555555555556,19.1,0.182,12,63,PG
101181,Jose Calderon,Jose,Calderon,0.5750605326876513,0.5555555555555556,12.3,0.446,72,2024,PG
201177,Josh McRoberts,Josh,McRoberts,0.4568527918781726,0.4142857142857143,9.9,0.331,42,595,PF
1626196,Josh Richardson,Josh,Richardson,0.5761173184357542,0.5576923076923077,11.4,0.423,52,1107,SG
2746,Josh Smith,Josh,Smith,0.4393673110720563,0.42063492063492064,10.6,0.41,55,880,PF
2746,Josh Smith,Josh,Smith,0.4393673110720563,0.42063492063492064,13.2,0.322,32,459,PF
2746,Josh Smith,Josh,Smith,0.4393673110720563,0.42063492063492064,7.7,0.503,23,421,PF
201950,Jrue Holiday,Jrue,Holiday,0.5299015897047691,0.4826388888888889,19.7,0.27699999999999997,65,1831,PG
203944,Julius Randle,Julius,Randle,0.4807692307692308,0.4320388349514563,13.9,0.043,81,2286,PF
1626147,Justin Anderson,Justin,Anderson,0.5219780219780219,0.46875,12.3,0.474,55,647,SF
203200,Justin Holiday,Justin,Holiday,0.4882812500000001,0.4767441860465116,9.4,0.461,53,773,SG
203200,Justin Holiday,Justin,Holiday,0.4882812500000001,0.4767441860465116,4.7,0.616,26,263,SG
203200,Justin Holiday,Justin,Holiday,0.4882812500000001,0.4767441860465116,11.8,0.387,27,510,SG
1626159,Justise Winslow,Justise,Winslow,0.4878048780487805,0.4576271186440678,8.4,0.251,78,2232,SF
203994,Jusuf Nurkic,Jusuf,Nurkic,0.4573850959393128,0.4210526315789474,16.0,0.012,32,547,C
1626157,Karl-Anthony Towns,Karl-Anthony,Towns,0.5866888945883559,0.5531914893617021,22.5,0.076,82,2627,C
202695,Kawhi Leonard,Kawhi,Leonard,0.6190142490072413,0.5695364238410596,26.0,0.267,72,2380,SF
203482,Kelly Olynyk,Kelly,Olynyk,0.5595344673231871,0.5308641975308642,16.3,0.37799999999999995,69,1395,C
202689,Kemba Walker,Kemba,Walker,0.5565615679590967,0.4939024390243902,20.8,0.368,81,2885,PG
203088,Kendall Marshall,Kendall,Marshall,0.4538763493621198,0.4230769230769231,6.7,0.415,30,400,PG
2570,Kendrick Perkins,Kendrick,Perkins,0.5415944540727904,0.55,6.0,0.0,37,542,C
202702,Kenneth Faried,Kenneth,Faried,0.5812872023809523,0.5591397849462365,21.0,0.003,67,1694,PF
203145,Kent Bazemore,Kent,Bazemore,0.5482041587901701,0.5206185567010311,13.4,0.42100000000000004,75,2083,SF
203484,Kentavious Caldwell-Pope,Kentavious,Caldwell-Pope,0.5208333333333334,0.4801587301587302,12.4,0.384,76,2789,SG
201142,Kevin Durant,Kevin,Durant,0.6341068537506745,0.5729166666666667,28.2,0.348,72,2578,SF
708,Kevin Garnett,Kevin,Garnett,0.4901960784313725,0.4666666666666666,12.3,0.009000000000000001,38,556,PF
201567,Kevin Love,Kevin,Love,0.5515719801434087,0.5,19.0,0.449,77,2424,PF
2755,Kevin Martin,Kevin,Martin,0.5187416331994645,0.4276315789473684,11.5,0.325,55,1095,SG
2755,Kevin Martin,Kevin,Martin,0.5187416331994645,0.4276315789473684,11.9,0.308,39,834,SG
2755,Kevin Martin,Kevin,Martin,0.5187416331994645,0.4276315789473684,10.1,0.38799999999999996,16,261,SG
202338,Kevin Seraphin,Kevin,Seraphin,0.4314159292035398,0.4186046511627907,10.8,0.01,48,526,C
203114,Khris Middleton,Khris,Middleton,0.5611741489886531,0.503448275862069,16.8,0.316,79,2852,SG
2550,Kirk Hinrich,Kirk,Hinrich,0.5115961800818554,0.4821428571428572,7.2,0.48100000000000004,46,631,PG
2550,Kirk Hinrich,Kirk,Hinrich,0.5115961800818554,0.4821428571428572,7.3,0.475,35,555,PG
2550,Kirk Hinrich,Kirk,Hinrich,0.5115961800818554,0.4821428571428572,6.2,0.545,11,76,PG
202691,Klay Thompson,Klay,Thompson,0.5962659184113965,0.5693641618497111,18.6,0.469,80,2666,SG
977,Kobe Bryant,Kobe,Bryant,0.4682843763303534,0.4142011834319527,14.9,0.42,66,1863,SF
201585,Kosta Koufos,Kosta,Koufos,0.5420918367346939,0.5263157894736842,15.1,0.0,78,1482,C
203123,Kostas Papanikolaou,Kostas,Papanikolaou,0.4779411764705882,0.4400000000000001,6.0,0.485,26,294,SF
2743,Kris Humphries,Kris,Humphries,0.5155456852791879,0.4642857142857143,13.1,0.366,53,835,PF
2743,Kris Humphries,Kris,Humphries,0.5155456852791879,0.4642857142857143,11.8,0.424,28,466,PF
2743,Kris Humphries,Kris,Humphries,0.5155456852791879,0.4642857142857143,13.5,0.278,4,74,PF
2743,Kris Humphries,Kris,Humphries,0.5155456852791879,0.4642857142857143,14.9,0.307,21,295,PF
204001,Kristaps Porzingis,Kristaps,Porzingis,0.5199243746364165,0.467479674796748,17.7,0.27399999999999997,72,2047,PF
203937,Kyle Anderson,Kyle,Anderson,0.5252100840336135,0.5000000000000001,12.9,0.125,78,1245,SF
2594,Kyle Korver,Kyle,Korver,0.5744255744255743,0.5714285714285715,9.7,0.644,80,2401,SG
200768,Kyle Lowry,Kyle,Lowry,0.5755864465682016,0.5128205128205129,22.2,0.457,77,2851,PG
203124,Kyle O'Quinn,Kyle,O'Quinn,0.5221932114882506,0.48809523809523797,17.5,0.081,65,764,PF
202713,Kyle Singler,Kyle,Singler,0.4769921436588103,0.4545454545454546,6.6,0.439,68,977,SF
202681,Kyrie Irving,Kyrie,Irving,0.5389353277606688,0.4939759036144578,19.9,0.298,53,1667,PG
200746,LaMarcus Aldridge,LaMarcus,Aldridge,0.5658953722334004,0.5106382978723405,22.4,0.015,74,2261,PF
203934,Lamar Patterson,Lamar,Patterson,0.4680187207488299,0.4130434782608696,5.1,0.613,35,395,SG
202362,Lance Stephenson,Lance,Stephenson,0.5457653866386113,0.5072463768115941,13.5,0.165,69,1372,SF
202362,Lance Stephenson,Lance,Stephenson,0.5457653866386113,0.5072463768115941,9.8,0.28300000000000003,43,680,SF
202362,Lance Stephenson,Lance,Stephenson,0.5457653866386113,0.5072463768115941,17.1,0.10099999999999999,26,692,SF
202498,Lance Thomas,Lance,Thomas,0.5555555555555555,0.5,10.4,0.285,59,1313,PF
204038,Langston Galloway,Langston,Galloway,0.4861821903787103,0.4513888888888889,11.7,0.381,82,2033,PG
202730,Lavoy Allen,Lavoy,Allen,0.5298273155416012,0.5106382978723404,12.4,0.0,79,1599,PF
2544,LeBron James,LeBron,James,0.5894687791239516,0.5510752688172043,27.5,0.19899999999999998,76,2709,SF
2571,Leandro Barbosa,Leandro,Barbosa,0.5521048999309869,0.5185185185185185,11.7,0.297,68,1079,SG
203485,Lorenzo Brown,Lorenzo,Brown,0.3765060240963855,0.3387096774193549,4.4,0.32,8,61,PG
200811,Lou Amundson,Lou,Amundson,0.4098360655737705,0.3888888888888888,6.7,0.0,29,204,PF
101150,Lou Williams,Lou,Williams,0.5852203182374541,0.4854368932038834,17.7,0.462,67,1907,SG
203512,Lucas Nogueira,Lucas,Nogueira,0.6395348837209303,0.6666666666666666,15.6,0.068,29,225,C
2449,Luis Scola,Luis,Scola,0.5188454198473281,0.5,13.6,0.26899999999999996,76,1636,PF
202337,Luke Babbitt,Luke,Babbitt,0.531591737545565,0.5000000000000001,11.6,0.377,47,845,SF
2736,Luol Deng,Luol,Deng,0.5469583778014941,0.5148514851485148,15.0,0.344,74,2394,PF
1938,Manu Ginobili,Manu,Ginobili,0.5758157389635317,0.5333333333333333,17.8,0.41100000000000003,58,1134,SG
201188,Marc Gasol,Marc,Gasol,0.5297421496042891,0.4632352941176471,17.7,0.004,52,1791,C
1626273,Marcelo Huertas,Marcelo,Huertas,0.4977876106194691,0.4534883720930233,10.4,0.265,53,869,PG
101162,Marcin Gortat,Marcin,Gortat,0.5904478656403079,0.5686274509803921,19.0,0.001,75,2256,C
201158,Marco Belinelli,Marco,Belinelli,0.5009823182711197,0.456989247311828,9.4,0.46799999999999997,68,1672,SG
202694,Marcus Morris,Marcus,Morris,0.5302346570397112,0.4915254237288135,12.7,0.315,80,2856,SF
203935,Marcus Smart,Marcus,Smart,0.4601537216828479,0.4022988505747127,11.3,0.456,61,1667,PG
201977,Marcus Thornton,Marcus,Thornton,0.5120354729729729,0.4775280898876405,14.7,0.498,61,1109,SG
201977,Marcus Thornton,Marcus,Thornton,0.5120354729729729,0.4775280898876405,14.6,0.49700000000000005,47,885,SG
201977,Marcus Thornton,Marcus,Thornton,0.5120354729729729,0.4775280898876405,15.5,0.505,14,224,SG
201596,Mario Chalmers,Mario,Chalmers,0.5602697998259356,0.4657534246575342,17.3,0.336,61,1373,PG
201596,Mario Chalmers,Mario,Chalmers,0.5602697998259356,0.4657534246575342,9.5,0.344,6,120,PG
201596,Mario Chalmers,Mario,Chalmers,0.5602697998259356,0.4657534246575342,18.0,0.335,55,1253,PG
1626209,Mario Hezonja,Mario,Hezonja,0.5438659058487875,0.5094339622641509,9.4,0.45899999999999996,79,1413,SF
203900,Markel Brown,Markel,Brown,0.5034129692832765,0.4423076923076921,11.3,0.376,62,982,SG
202693,Markieff Morris,Markieff,Morris,0.491320013101867,0.4598214285714286,12.2,0.21600000000000003,64,1629,PF
202693,Markieff Morris,Markieff,Morris,0.491320013101867,0.4598214285714286,10.8,0.17600000000000002,37,917,PF
202693,Markieff Morris,Markieff,Morris,0.491320013101867,0.4598214285714286,14.0,0.275,27,712,PF
201578,Marreese Speights,Marreese,Speights,0.5068532267275843,0.4523809523809524,17.1,0.136,72,832,C
101107,Marvin Williams,Marvin,Williams,0.5854683746997599,0.5597826086956522,16.8,0.506,81,2338,PF
203486,Mason Plumlee,Mason,Plumlee,0.5614511352418559,0.5238095238095238,17.2,0.008,82,2084,C
2440,Matt Barnes,Matt,Barnes,0.5054589567327133,0.4725274725274725,11.7,0.534,76,2190,SF
2588,Matt Bonner,Matt,Bonner,0.6430041152263375,0.6578947368421053,14.1,0.596,30,206,C
203521,Matthew Dellavedova,Matthew,Dellavedova,0.5284667418263811,0.5,11.3,0.46799999999999997,76,1867,PG
203090,Maurice Harkless,Maurice,Harkless,0.5409060175794457,0.5188679245283019,13.3,0.341,78,1457,SF
203086,Meyers Leonard,Meyers,Leonard,0.5636070853462158,0.5492957746478874,11.3,0.524,61,1333,PF
201563,Michael Beasley,Michael,Beasley,0.5614035087719298,0.5339805825242718,22.5,0.044000000000000004,20,363,PF
203487,Michael Carter-Williams,Michael,Carter-Williams,0.4948364888123924,0.4611650485436893,13.9,0.099,54,1649,PG
203077,Michael Kidd-Gilchrist,Michael,Kidd-Gilchrist,0.6045316070068545,0.5632183908045978,16.9,0.115,7,205,SF
201144,Mike Conley,Mike,Conley,0.5385806814981695,0.4838709677419354,19.4,0.309,56,1761,PG
2399,Mike Dunleavy,Mike,Dunleavy,0.5431502715751358,0.5163934426229508,9.1,0.527,31,703,SF
2034,Mike Miller,Mike,Miller,0.5,0.5384615384615384,6.5,0.8390000000000001,47,373,SF
203488,Mike Muscala,Mike,Muscala,0.5876068376068376,0.56,13.6,0.257,60,565,C
203118,Mike Scott,Mike,Scott,0.5792227204783258,0.5399999999999999,14.0,0.42,75,1146,PF
203101,Miles Plumlee,Miles,Plumlee,0.6014150943396226,0.6052631578947368,17.4,0.0,61,870,C
203141,Mirza Teletovic,Mirza,Teletovic,0.5711610486891384,0.5459183673469387,16.2,0.5920000000000001,79,1686,PF
2590,Mo Williams,Mo,Williams,0.5229591836734693,0.4932432432432433,12.4,0.33799999999999997,41,748,PG
101145,Monta Ellis,Monta,Ellis,0.5036496350364964,0.4722222222222223,13.7,0.276,81,2734,SG
1626149,Montrezl Harrell,Montrezl,Harrell,0.6364922206506366,0.6521739130434783,14.6,0.011000000000000001,39,379,PF
1626167,Myles Turner,Myles,Turner,0.5320247933884297,0.5056818181818181,15.4,0.026000000000000002,60,1367,C
202357,Nemanja Bjelica,Nemanja,Bjelica,0.5935754189944134,0.5641025641025642,11.2,0.532,60,1075,PF
203457,Nerlens Noel,Nerlens,Noel,0.5390442890442889,0.5227272727272726,16.2,0.003,67,1965,C
2555,Nick Collison,Nick,Collison,0.5087209302325582,0.4444444444444445,7.7,0.018000000000000002,59,699,PF
201156,Nick Young,Nick,Young,0.4856306546035125,0.43478260869565216,9.1,0.637,54,1033,SG
201587,Nicolas Batum,Nicolas,Batum,0.5442723553477499,0.504,15.6,0.457,70,2448,SF
203917,Nik Stauskas,Nik,Stauskas,0.5180399804973184,0.4866666666666666,9.2,0.596,73,1809,SG
203999,Nikola Jokic,Nikola,Jokic,0.5843852267414679,0.5333333333333333,21.5,0.14,80,1733,C
202703,Nikola Mirotic,Nikola,Mirotic,0.5679630342703119,0.5217391304347826,15.6,0.568,66,1646,PF
202696,Nikola Vucevic,Nikola,Vucevic,0.5317905563347358,0.5093167701863354,21.1,0.009000000000000001,65,2037,C
203943,Noah Vonleh,Noah,Vonleh,0.4605936540429888,0.4305555555555556,8.6,0.165,78,1174,PF
1626181,Norman Powell,Norman,Powell,0.5401234567901234,0.5,13.3,0.389,49,725,SG
202708,Norris Cole,Norris,Cole,0.4642606867554309,0.4398148148148148,10.8,0.21100000000000002,45,1198,PG
201600,Omer Asik,Omer,Asik,0.5549389567147613,0.5172413793103449,11.0,0.0,68,1178,C
201956,Omri Casspi,Omri,Casspi,0.5892928485817021,0.5666666666666667,13.9,0.441,69,1880,PF
203111,Orlando Johnson,Orlando,Johnson,0.3436106983655275,0.2959183673469388,3.6,0.294,7,101,SG
203111,Orlando Johnson,Orlando,Johnson,0.3436106983655275,0.2959183673469388,10.1,0.294,2,47,SG
203111,Orlando Johnson,Orlando,Johnson,0.3436106983655275,0.2959183673469388,-2.1,0.294,5,54,SG
203143,Pablo Prigioni,Pablo,Prigioni,0.4913522012578616,0.46,10.2,0.6459999999999999,59,823,PG
1626192,Pat Connaughton,Pat,Connaughton,0.3808864265927978,0.32142857142857145,4.6,0.429,34,143,SG
201976,Patrick Beverley,Patrick,Beverley,0.5544354838709677,0.5297619047619048,13.0,0.522,71,2041,PG
202335,Patrick Patterson,Patrick,Patterson,0.5410915934755333,0.5241935483870968,10.6,0.594,79,2020,PF
201988,Patty Mills,Patty,Mills,0.5374304501770361,0.5197368421052632,14.6,0.523,81,1662,PG
2200,Pau Gasol,Pau,Gasol,0.5302056555269923,0.4818840579710145,21.7,0.069,72,2291,C
202331,Paul George,Paul,George,0.5563583815028903,0.4916201117318437,20.9,0.391,81,2819,SF
200794,Paul Millsap,Paul,Millsap,0.5551948051948052,0.5037878787878789,21.3,0.218,81,2647,PF
1718,Paul Pierce,Paul,Pierce,0.4887820512820512,0.45689655172413796,8.2,0.61,68,1231,SF
203515,Phil Pressey,Phil,Pressey,0.42481977342945415,0.411764705882353,10.6,0.231,23,283,PG
203515,Phil Pressey,Phil,Pressey,0.42481977342945415,0.411764705882353,11.8,0.23600000000000002,14,170,PG
203515,Phil Pressey,Phil,Pressey,0.42481977342945415,0.411764705882353,8.6,0.217,9,113,PG
203112,Quincy Acy,Quincy,Acy,0.6298449612403101,0.5972222222222222,14.7,0.22899999999999998,59,876,PF
200765,Rajon Rondo,Rajon,Rondo,0.503213802435724,0.4908256880733946,16.9,0.217,72,2537,PG
201196,Ramon Sessions,Ramon,Sessions,0.5663615560640732,0.5,15.9,0.188,82,1667,PG
200751,Randy Foye,Randy,Foye,0.4612257661038149,0.425,7.6,0.519,81,1642,SG
200751,Randy Foye,Randy,Foye,0.4612257661038149,0.425,7.8,0.508,54,1070,SG
200751,Randy Foye,Randy,Foye,0.4612257661038149,0.425,7.1,0.544,27,572,SG
1626173,Rashad Vaughn,Rashad,Vaughn,0.3986625514403293,0.3947368421052632,4.2,0.5529999999999999,70,1001,SG
2446,Rasual Butler,Rasual,Butler,0.5550986842105263,0.5434782608695653,13.4,0.47100000000000003,46,432,SF
203526,Raul Neto,Raul,Neto,0.5271622587562544,0.5,10.2,0.38799999999999996,81,1499,PG
203492,Ray McCallum,Ray,McCallum,0.4369703389830508,0.4166666666666666,9.1,0.28800000000000003,41,475,PG
203492,Ray McCallum,Ray,McCallum,0.4369703389830508,0.4166666666666666,10.3,0.239,31,256,PG
203492,Ray McCallum,Ray,McCallum,0.4369703389830508,0.4166666666666666,7.7,0.32899999999999996,10,219,PG
101109,Raymond Felton,Raymond,Felton,0.5016899028305872,0.4588235294117647,11.9,0.312,80,2192,PG
203493,Reggie Bullock,Reggie,Bullock,0.5943804034582132,0.5769230769230769,12.0,0.541,37,429,SF
202704,Reggie Jackson,Reggie,Jackson,0.5343337880854935,0.4808917197452229,19.6,0.268,79,2424,PG
2210,Richard Jefferson,Richard,Jefferson,0.5816412859560068,0.5595238095238095,9.7,0.5539999999999999,74,1326,SF
1626158,Richaun Holmes,Richaun,Holmes,0.5533596837944663,0.5227272727272727,15.9,0.198,51,702,PF
201937,Ricky Rubio,Ricky,Rubio,0.5313552188552189,0.42857142857142855,17.6,0.324,76,2323,PG
203496,Robert Covington,Robert,Covington,0.5449591280653951,0.5047169811320754,13.2,0.677,67,1903,SF
203135,Robert Sacre,Robert,Sacre,0.4781420765027322,0.4,10.4,0.0,25,320,C
201577,Robin Lopez,Robin,Lopez,0.5734966592427617,0.54320987654321,17.6,0.002,82,2219,C
203918,Rodney Hood,Rodney,Hood,0.5410447761194029,0.5040650406504065,14.1,0.462,79,2541,SG
201155,Rodney Stuckey,Rodney,Stuckey,0.5063723258989531,0.44078947368421056,12.6,0.187,58,1275,PG
1626178,Rondae Hollis-Jefferson,Rondae,Hollis-Jefferson,0.5185979971387696,0.46875,14.2,0.10099999999999999,29,615,SF
101179,Ronnie Price,Ronnie,Price,0.5088325652841782,0.5,9.6,0.649,62,1211,PG
201579,Roy Hibbert,Roy,Hibbert,0.5006788866259335,0.4313725490196079,11.2,0.005,81,1878,C
200752,Rudy Gay,Rudy,Gay,0.5380380380380381,0.5034722222222222,15.5,0.214,70,2379,SF
203497,Rudy Gobert,Rudy,Gobert,0.5815439672801636,0.5517241379310345,17.5,0.0,61,1932,C
203893,Russ Smith,Russ,Smith,0.39556962025316456,0.3666666666666667,10.5,0.22699999999999998,15,66,PG
201566,Russell Westbrook,Russell,Westbrook,0.5524731991724656,0.4889502762430938,27.6,0.23600000000000002,80,2750,PG
201583,Ryan Anderson,Ryan,Anderson,0.5434782608695652,0.4964539007092199,17.2,0.385,66,2008,PF
200797,Ryan Hollins,Ryan,Hollins,0.6578947368421052,0.6190476190476191,12.3,0.0,37,460,C
200797,Ryan Hollins,Ryan,Hollins,0.6578947368421052,0.6190476190476191,7.2,0.0,5,48,C
200797,Ryan Hollins,Ryan,Hollins,0.6578947368421052,0.6190476190476191,12.9,0.0,32,412,C
203527,Ryan Kelly,Ryan,Kelly,0.44117647058823534,0.37804878048780494,10.3,0.248,36,470,PF
1626257,Salah Mejri,Salah,Mejri,0.6344307270233197,0.6086956521739131,16.8,0.013000000000000001,34,397,C
201619,Sasha Kaun,Sasha,Kaun,0.5136986301369864,0.5714285714285715,12.5,0.0,25,95,C
2756,Sasha Vujacic,Sasha,Vujacic,0.5142737195633921,0.4777777777777778,11.1,0.516,61,908,SG
203930,Sean Kilpatrick,Sean,Kilpatrick,0.57405875051717,0.5344827586206897,15.6,0.42200000000000004,31,616,SG
203930,Sean Kilpatrick,Sean,Kilpatrick,0.57405875051717,0.5344827586206897,8.0,0.81,8,82,SG
203930,Sean Kilpatrick,Sean,Kilpatrick,0.57405875051717,0.5344827586206897,16.7,0.39,23,534,SG
201586,Serge Ibaka,Serge,Ibaka,0.5337173839376482,0.5135135135135136,13.9,0.212,78,2500,PF
203508,Sergey Karasev,Sergey,Karasev,0.5434782608695653,0.5000000000000001,8.5,0.5,40,399,SF
203552,Seth Curry,Seth,Curry,0.6041222459132907,0.5588235294117647,13.8,0.496,44,692,PG
203498,Shabazz Muhammad,Shabazz,Muhammad,0.5457380457380456,0.5,15.2,0.223,82,1682,SF
203894,Shabazz Napier,Shabazz,Napier,0.4565646594274432,0.4054054054054054,9.6,0.517,55,600,PG
203499,Shane Larkin,Shane,Larkin,0.5202394526795895,0.4765625,13.3,0.215,78,1751,PG
2733,Shaun Livingston,Shaun,Livingston,0.5803242446573322,0.5306122448979592,13.8,0.032,78,1520,PG
203963,Shayne Whittington,Shayne,Whittington,0.4618937644341801,0.4375,7.4,0.182,7,41,PF
202714,Shelvin Mack,Shelvin,Mack,0.5042213883677298,0.4875,13.6,0.301,52,1058,PG
202714,Shelvin Mack,Shelvin,Mack,0.5042213883677298,0.4875,15.4,0.284,24,179,PG
202714,Shelvin Mack,Shelvin,Mack,0.5042213883677298,0.4875,13.2,0.306,28,879,PG
203524,Solomon Hill,Solomon,Hill,0.5514705882352942,0.5142857142857143,12.2,0.35600000000000004,59,866,SF
201603,Sonny Weems,Sonny,Weems,0.4575402635431918,0.4423076923076921,3.7,0.373,43,499,SG-SF
201603,Sonny Weems,Sonny,Weems,0.4575402635431918,0.4423076923076921,4.3,0.36,36,421,SG
201603,Sonny Weems,Sonny,Weems,0.4575402635431918,0.4423076923076921,0.8,0.429,7,78,SF
203915,Spencer Dinwiddie,Spencer,Dinwiddie,0.418702023726448,0.3666666666666667,8.9,0.185,12,159,PG
201150,Spencer Hawes,Spencer,Hawes,0.5098572399728076,0.4722222222222223,12.4,0.33299999999999996,57,1035,PF
1626169,Stanley Johnson,Stanley,Johnson,0.4593920145190563,0.4329268292682927,8.7,0.342,73,1687,SF
201939,Stephen Curry,Stephen,Curry,0.6705578328283729,0.6311881188118812,31.5,0.5539999999999999,79,2700,PG
2581,Steve Blake,Steve,Blake,0.5198487712665407,0.5000000000000001,9.8,0.629,58,986,PG
200779,Steve Novak,Steve,Novak,0.6507592190889371,0.6388888888888888,14.4,0.833,10,44,PF
200779,Steve Novak,Steve,Novak,0.6507592190889371,0.6388888888888888,20.8,0.75,7,24,PF
200779,Steve Novak,Steve,Novak,0.6507592190889371,0.6388888888888888,6.7,1.0,3,20,PF
203500,Steven Adams,Steven,Adams,0.625,0.6226415094339622,15.5,0.0,80,2014,C
201959,Taj Gibson,Taj,Gibson,0.5598958333333334,0.5294117647058824,15.7,0.006,73,1936,PF
204028,Tarik Black,Tarik,Black,0.5266418835192069,0.5555555555555555,12.3,0.0,39,496,C
2419,Tayshaun Prince,Tayshaun,Prince,0.4695595854922279,0.45,6.3,0.1,77,1462,SF
203093,Terrence Jones,Terrence,Jones,0.5233397497593839,0.4863013698630137,13.5,0.215,50,1044,PF
203082,Terrence Ross,Terrence,Ross,0.5529490616621984,0.5348837209302326,12.9,0.542,73,1747,SF
1626179,Terry Rozier,Terry,Rozier,0.3177966101694915,0.2962962962962963,5.0,0.255,39,311,PG
200757,Thabo Sefolosha,Thabo,Sefolosha,0.5847953216374269,0.5714285714285714,12.4,0.33299999999999996,75,1758,SF
201152,Thaddeus Young,Thaddeus,Young,0.5328910220214568,0.5189393939393939,17.5,0.031,73,2407,PF
203080,Thomas Robinson,Thomas,Robinson,0.4516806722689076,0.4390243902439025,14.5,0.003,71,917,PF
201168,Tiago Splitter,Tiago,Splitter,0.5747126436781609,0.5348837209302325,13.7,0.013000000000000001,36,579,C
1495,Tim Duncan,Tim,Duncan,0.5292959133431806,0.4861111111111111,16.9,0.005,61,1536,C
204025,Tim Frazier,Tim,Frazier,0.4941860465116278,0.4555555555555555,13.9,0.21,51,741,PG
204025,Tim Frazier,Tim,Frazier,0.4941860465116278,0.4555555555555555,4.7,0.28300000000000003,35,272,PG
204025,Tim Frazier,Tim,Frazier,0.4941860465116278,0.4555555555555555,19.1,0.183,16,469,PG
202389,Timofey Mozgov,Timofey,Mozgov,0.5974962063732928,0.5744680851063829,14.6,0.019,76,1326,C
202699,Tobias Harris,Tobias,Harris,0.5607262740311261,0.5170940170940171,16.2,0.26899999999999996,76,2513,PF
202699,Tobias Harris,Tobias,Harris,0.5607262740311261,0.5170940170940171,15.0,0.27899999999999997,49,1610,PF
202699,Tobias Harris,Tobias,Harris,0.5607262740311261,0.5170940170940171,18.2,0.253,27,903,PF
201962,Toney Douglas,Toney,Douglas,0.5434782608695652,0.5,14.7,0.456,61,1262,PG
2754,Tony Allen,Tony,Allen,0.5079825834542816,0.4794520547945206,12.9,0.09,64,1620,SG
2225,Tony Parker,Tony,Parker,0.5430814165753926,0.5151515151515151,16.2,0.092,72,1980,PG
203503,Tony Snell,Tony,Snell,0.480072463768116,0.4622641509433963,6.4,0.457,64,1301,SF
2772,Trevor Ariza,Trevor,Ariza,0.5531358885017421,0.5235849056603774,12.9,0.581,81,2859,SF
202344,Trevor Booker,Trevor,Booker,0.5391081871345029,0.5102040816326531,14.4,0.106,79,1632,PF
203504,Trey Burke,Trey,Burke,0.5061115355233001,0.4848484848484848,14.0,0.40399999999999997,64,1366,PG
1626168,Trey Lyles,Trey,Lyles,0.5134680134680134,0.4909090909090909,11.6,0.294,80,1382,PF
202684,Tristan Thompson,Tristan,Thompson,0.6074766355140186,0.5882352941176471,15.9,0.0,82,2269,PF
203584,Troy Daniels,Troy,Daniels,0.6381039197812215,0.6511627906976744,14.9,0.652,43,476,SG
201951,Ty Lawson,Ty,Lawson,0.4772270596115204,0.4351851851851852,9.7,0.305,66,1411,PG
201951,Ty Lawson,Ty,Lawson,0.4772270596115204,0.4351851851851852,8.9,0.32799999999999996,53,1176,PG
201951,Ty Lawson,Ty,Lawson,0.4772270596115204,0.4351851851851852,13.7,0.209,13,235,PG
203898,Tyler Ennis,Tyler,Ennis,0.5104355716878404,0.47560975609756106,10.7,0.209,46,654,PG
201946,Tyler Hansbrough,Tyler,Hansbrough,0.5309734513274336,0.4375,12.5,0.042,44,343,PF
204020,Tyler Johnson,Tyler,Johnson,0.5729715489989462,0.5441176470588235,13.8,0.292,36,863,SG
203092,Tyler Zeller,Tyler,Zeller,0.5454220314735336,0.4791666666666666,15.4,0.0,60,710,C
201936,Tyreke Evans,Tyreke,Evans,0.5341579983131852,0.4801587301587302,17.9,0.271,25,765,SG
2199,Tyson Chandler,Tyson,Chandler,0.6056527590847914,0.5833333333333334,14.7,0.003,66,1618,C
1626145,Tyus Jones,Tyus,Jones,0.44833475661827504,0.4047619047619047,11.2,0.34,37,573,PG
2617,Udonis Haslem,Udonis,Haslem,0.4504504504504505,0.375,9.1,0.14800000000000002,37,260,PF
203506,Victor Oladipo,Victor,Oladipo,0.5334755934915978,0.4888888888888889,16.7,0.29100000000000004,72,2379,SG
1713,Vince Carter,Vince,Carter,0.5224825839138695,0.4736842105263158,12.7,0.493,60,1005,SG
201961,Wayne Ellington,Wayne,Ellington,0.4966460268317853,0.4797297297297297,10.1,0.478,76,1615,SG
202325,Wesley Johnson,Wesley,Johnson,0.5177070828331333,0.5078125,11.0,0.6,80,1666,SF
202083,Wesley Matthews,Wesley,Matthews,0.5325494205862303,0.4954128440366973,10.9,0.615,78,2644,SF
203115,Will Barton,Will,Barton,0.5352363960749331,0.4916666666666667,16.0,0.331,82,2353,SG
1626161,Willie Cauley-Stein,Willie,Cauley-Stein,0.589622641509434,0.5686274509803921,15.3,0.006,66,1412,C
203186,Willie Reed,Willie,Reed,0.5851593625498008,0.5588235294117647,19.2,0.0,39,426,C
204098,Xavier Munford,Xavier,Munford,0.4797979797979798,0.4727272727272727,9.9,0.299,14,244,SG
203897,Zach LaVine,Zach,LaVine,0.546875,0.5170940170940171,14.3,0.33,82,2294,SG
2216,Zach Randolph,Zach,Randolph,0.5201251019853141,0.4774436090225563,18.3,0.028999999999999998,68,2016,PF
2585,Zaza Pachulia,Zaza,Pachulia,0.5524152106885919,0.4677419354838709,16.2,0.006,76,2004,C
